PCT_MIN_0.25MM_60MSH,CUM_MIN_3.15MM,MEAN_SIZE
26.615,85.539,1.5141405
25.064,85.167,1.651099261
22.213,85.099,1.5754275
25.994,85.905,1.53669925
37.208,87.101,1.428629464
25.693,85.468,1.50046775
35.111,86.697,1.4157115
28.22,87.184,1.522867229
33.353,86.939,1.533940161
32.376,84.545,1.49699275
45.014,88.855,1.274935751
27.458,87.224,1.580512805
31.886,86.703,1.38216
36.053,84.411,1.56718675
29.682,85.075,1.546761032
34.607,84.817,1.509587654
31.301,84.974,1.456811
31.857,86.439,1.440254847
29.007,87.226,1.366636666
31.664,86.698,1.41004525
27.111,86.032,1.415760408
33.869,86.25,1.504833
33.884,86.675,1.449073509
30.928,84.854,1.4638995
28.745,88.619,1.37334125
27.689,87.871,1.378656
37.676,86.932,1.46142875
30.081,85.337,1.448945
32.73,86.903,1.360366396
30.955,85.323,1.445555544
31.772,85.563,1.454941701
33.831,86.965,1.39213925
33.138,84.294,1.598122269
31.46,86.591,1.4116015
,0,#DIV/0!
28,84.984,1.524756252
33.633,85.693,1.5279175
30.394,85.575,1.546604966
32.251,85.055,1.517181
23.984,85.099,1.53172725
32.99,86.598,1.412946121
39.964,86.355,1.4247075
26.83,84.981,1.527599
31.159,86.455,1.40674825
37.725,87.145,1.39242325
26.54,86.045,1.4982205
32.608,87.346,1.392298
33.81,85.973,1.51231925
25.394,84.476,1.598229768
31.695,86.776,1.4234955
32.862,85.704,1.41153575
32.415,85.13,1.434372
32.477,86.604,1.411348137
31.299,86.758,1.39502375
37.671,86.583,1.47600475
29.986,85.383,1.518291
34.474,84.493,1.571459785
32.477,85.363,1.503424
34.517,86.491,1.449422994
23.519,88.745,1.456934819
27.859,87.381,1.4497205
30.159,84.959,1.517142671
31.369,87.412,1.375527005
30.667,86.317,1.48302
37.402,87.896,1.38122375
27.599,87.48,1.3980415
29.761,85.12,1.544413806
25.649,85.081,1.571834968
,0,#DIV/0!
34.842,87.104,1.382343
29.66,83.89,1.6028745
28.81,87.449,1.3570615
27.012,86.952,1.459668153
27.823,86.299,1.50132125
28.253,85.948,1.477917471
26.513,86.023,1.469899301
35.714,87.585,1.334460595
30.845,86.65,1.4637385
29.735,87.056,1.42315675
34.911,87.788,1.356831
28.593,86.982,1.432465
29.433,83.767,1.61817975
27.824,84.396,1.629842
33.826,86.716,1.439184858
32.142,85.36,1.54960775
31.934,87.377,1.37802172
27.728,87.503,1.46132825
26.507,86.571,1.448920239
25.968,86.065,1.528788712
27.612,86.388,1.51163575
32.148,85.259,1.482931829
29.688,82.188,1.609227908
30.667,86.317,1.48302
21.708,86.282,1.498624236
31.743,85.224,1.4706275
31.632,86.42,1.458223
32.141,86.788,1.398900261
29.264,84.845,1.5240375
29.674,86.522,1.465612656
29.888,83.023,1.566446836
29.007,85.689,1.48201818
28.447,85.215,1.513551614
29.324,84.761,1.56502985
31.235,86.144,1.53300358
31.985,85.85,1.44286475
27.159,85.564,1.44586225
35,86.967,1.37469925
38.754,86.796,1.40896509
28.252,86.461,1.426361236
29.724,85.138,1.5408325
33.522,86.062,1.518219818
21.864,85.195,1.563184132
31.151,86.662,1.42302302
38.521,86.846,1.353451215
30.691,84.964,1.502294773
32.751,85.647,1.4585135
29.06,84.1,1.50911225
29.978,85.109,1.53268325
31.345,86.793,1.42833
26.573,84.588,1.5170435
25.753,85.171,1.560365604
29.656,86.303,1.47751025
25.339,85.259,1.5185755
27.923,85.937,1.55012075
31.183,86.827,1.412632376
32.64,84,1.45832
31.714,86.514,1.428864539
32.004,86.116,1.491943669
30.217,85.44,1.442457825
31.37,85.879,1.48198675
28.742,86,1.41510375
26.212,84.636,1.496134039
28.343,85.342,1.48786875
34.405,83.534,1.568516
25.467,85.848,1.482529
29.983,86.866,1.46780425
35.233,83.973,1.593942439
27.457,84.767,1.511517365
26.422,84.665,1.678607714
33.159,85.8,1.4349604
32.491,85.142,1.4716005
25.204,86.836,1.62390175
31.695,86.831,1.39809275
32.466,87.318,1.376750018
33.577,87.463,1.390435654
22.679,86.965,1.506505685
23.897,85.069,1.510689607
31.615,86.651,1.444090309
30.545,84.679,1.50857625
20.329,83.28,1.6830695
23.58,85.883,1.525448754
25.511,84.52,1.57576475
30.943,85.431,1.443288183
38.237,86.467,1.373415734
32.684,85.888,1.550253997
27.415,85.071,1.6184785
26.448,85.429,1.59800425
29.719,87.2,1.450333503
30.204,82.896,1.684596
26.359,85.364,1.49886625
28.567,85.497,1.50797408
28.012,83.483,1.655456195
34.986,86.387,1.44936625
30.861,83.706,1.546753782
30.076,85.587,1.440206848
31.006,86.746,1.4416525
39.257,88.037,1.29301468
24.33,85.078,1.677514
31.5,87.425,1.373775
31.769,83.017,1.5882585
31.753,85.928,1.4682455
31.545,86.818,1.425268253
36.541,83.611,1.55123125
31.828,85.336,1.5034685
31.368,85.695,1.447097279
24.639,74.869,1.97601576
26.757,86.05,1.439118141
32.686,85.041,1.5142835
29.703,85.306,1.505089949
27.601,86.52,1.448484
31.77,86.032,1.45704668
25.741,85.678,1.51412875
23.298,86.21,1.505451
34.061,86.827,1.41842725
22.862,85.761,1.529606046
25.552,86.029,1.517092921
31.999,86.489,1.45277725
32.24,85.078,1.512570374
28.343,85.993,1.385305456
31.169,85.443,1.4380055
27.859,87.381,1.4497205
30.72,87.532,1.40534025
27.371,84.383,1.54608825
28.102,84.677,1.5134615
31.159,86.646,1.423660987
31.358,85.314,1.480381
19.606,85.866,1.49507775
27.913,87.524,1.432568174
33.299,87.006,1.419636
32.836,82.505,1.51388525
31.286,83.562,1.535474105
30.655,86.874,1.44332325
27.152,84.909,1.52115
27.989,86.176,1.488687863
28.709,86.276,1.49801448
28.864,86.288,1.48546375
38.401,84.513,1.48857625
33.163,85.205,1.54027475
30.213,85.518,1.497094
23.846,84.957,1.516598084
26.584,83.372,1.577427476
26.422,84.665,1.678607714
31.681,85.688,1.508921661
27.365,84.899,1.546462
30.433,85.263,1.49962275
,0,#DIV/0!
29.318,85.795,1.534776098
29.694,86.85,1.433826
31.794,83.209,1.578306033
31.557,85.892,1.476757
30.961,86.478,1.4349689
26.663,84.601,1.515050599
33.552,86.448,1.57129375
35.512,86.732,1.45696468
30.462,83.077,1.674517005
31.557,85.224,1.522067
34.447,84.917,1.506063439
39.82,85.478,1.4607905
34.989,86.9,1.418934811
34.387,86.806,1.42713175
31.635,85.079,1.476818518
32.332,85.939,1.4552965
32.835,84.012,1.598732513
22.637,85.149,1.541145661
25.339,85.369,1.537151
31.579,84.765,1.505840942
21.157,85.661,1.557894579
25.122,86.036,1.51357675
31.69,84.21,1.54041775
35.625,85.208,1.450087249
32.074,85.52,1.481582184
25.653,83.475,1.52947175
38.576,84.907,1.46542675
30.366,85.945,1.5834945
22.659,85.103,1.543153068
26.54,86.045,1.4982205
29.391,86.918,1.447741273
35.924,86.413,1.3949717
29.969,85.724,1.484133409
27.507,85.615,1.51248775
30.667,86.317,1.49302125
31.374,85.707,1.448460765
32.565,85.397,1.4771445
28.972,86.511,1.48573425
27.746,85.896,1.51937125
38.584,84.535,1.485062
26.547,84.856,1.593245
,0,#DIV/0!
22.69,85.167,1.538256117
27.311,85.682,1.496693783
28.667,86.1,1.49507325
26.576,83.428,1.57550125
26.716,84.546,1.67400775
27.813,86.659,1.42667375
28.842,83.198,1.537055
27.432,85.793,1.501766732
30.064,85.994,1.498514
31.112,86.01,1.4711055
,0,#DIV/0!
32.473,85.137,1.47196228
27.127,84.372,1.55839875
31.602,85.489,1.487614
26.268,84.612,1.57400124
35.296,86.672,1.381081189
30.277,85.415,1.43996875
29.717,85.17,1.524850999
21.555,87.227,1.42338225
30.122,84.985,1.466348587
27.382,85.883,1.493609936
31.116,86.005,1.471834
29.728,85.105,1.465638656
31.122,86.792,1.429955
35.806,87.634,1.368817
31.657,86.768,1.424137991
29.201,85.648,1.501938
18.936,86.852,1.47519475
25.03,85.844,1.520830292
,0,#DIV/0!
29.428,85.813,1.495432796
31.58,84.749,1.50654225
31.611,85.522,1.51651275
30.468,87.177,1.4037535
26.8,86.267,1.61255
28.829,86.203,1.5565805
35.037,86.511,1.43073675
22.434,85.023,1.550255253
25.337,85.66,1.5157525
27.755,84.839,1.55362575
31.514,84.039,1.545510955
29.841,85.175,1.541794668
31.603,85.356,1.496293574
25.876,84.846,1.60177175
27.468,86.803,1.52982675
27.974,85.09,1.520681457
32.479,86.438,1.432913079
29.747,86.349,1.468722
22.111,86.305,1.49099341
,0,#DIV/0!
28.862,86.414,1.397703023
26.57,85.291,1.477098229
27.977,85.933,1.5584
31.977,86.122,1.468549
25.103,84.862,1.55826875
30.86,85.483,1.48765225
27.858,85.702,1.496563
26.537,85.412,1.469404694
33.713,86.587,1.4909865
26.422,84.665,1.678607714
35.182,85.124,1.509251657
30.134,85.269,1.451065261
27.829,85.886,1.448426
30.686,84.945,1.54104441
20.395,83.921,1.59801748
28.776,85.334,1.5259355
27.894,86.285,1.430159698
28.08,85.804,1.54647
31.457,86.519,1.443805062
29.531,83.115,1.604183
20.329,83.28,1.6830695
24.735,84.887,1.589658897
25.188,84.266,1.573615764
34.985,85.719,1.44235725
33.179,85.987,1.474016
30.178,85.417,1.500760742
31.297,87.381,1.380366304
24.712,85.008,1.58237725
,0,#DIV/0!
32.152,84.248,1.524920751
34.275,85.938,1.4710345
28.305,85.704,1.46918875
30.75,85.437,1.517907071
32.556,84.476,1.512122621
24.146,84.411,1.627067
32.314,83.995,1.602831
29.939,84.878,1.557652827
20.149,87.698,1.4668095
27.913,87.524,1.432568174
30.756,86.474,1.4553375
25.292,84.985,1.57858275
30.151,85.329,1.44565575
28.879,85.718,1.516983
29.801,85.903,1.507583326
31.807,83.675,1.52521875
28.067,85.262,1.522971
32.961,84.916,1.487228
28.876,85.592,1.4866975
,0,#DIV/0!
,0,#DIV/0!
,0,#DIV/0!
28.8,86.431,1.4530185
28.712,84.543,1.54301
28.073,84.129,1.5726245
28.135,85.861,1.477913029
27.407,85.151,1.53191225
28.097,85.516,1.50974125
31.387,87.435,1.356009
,0,#DIV/0!
28.806,85.516,1.54377825
26.422,84.665,1.677839722
30.44,86.511,1.39131725
29.71,86.295,1.46519925
28.487,85.559,1.476263513
23.665,83.898,1.62068825
20.161,85.301,1.594560554
29.058,86.921,1.468479065
,0,#DIV/0!
,0,#DIV/0!
29.601,86.871,1.44561725
28.856,85.25,1.49251375
21.216,86.292,1.51721025
26.442,85.471,1.513197
29.076,86.539,1.48362575
27.383,85.705,1.509784902
27.097,86.004,1.529625
28.707,85.884,1.4803185
27.502,85.887,1.499237008
27.815,85.939,1.494387056
30.593,86.597,1.48220175
32.057,86.599,1.488898111
30.379,86.877,1.42671825
27.336,83.449,1.632937171
28.705,85.938,1.48759
27.395,86.197,1.47700402
31.349,87.387,1.360109101
31.977,84.961,1.466578584
25.072,85.874,1.499496505
,0,#DIV/0!
31.197,86.044,1.432523675
27.743,86.113,1.42001025
28.207,85.911,1.475774
33.927,86.677,1.517832678
31.557,85.892,1.476757
25.998,85.261,1.555198552
32.27,86.605,1.429407206
23.441,85.914,1.51615975
27.753,86.494,1.507265927
31.776,86.153,1.46555025
32.751,85.647,1.4585135
34.969,85.751,1.416822582
28.371,85.753,1.483310333
29.843,86.645,1.460389104
30.83,85.09,1.532899329
20.634,86.376,1.54735675
27.007,86.579,1.49615225
46.584,88.664,1.218157182
30.112,85.714,1.588570886
26.194,86.42,1.545683293
33.996,87.868,1.355595806
29.403,87.36,1.45152525
46.752,88.013,1.288883111
26.645,85.684,1.5002415
27.522,85.399,1.519785802
33.507,87.165,1.414721103
32.922,87.037,1.425282
20.683,86.813,1.52404375
32.621,85.563,1.466626
32.159,85.727,1.463094369
33.085,87.631,1.346660783
19.812,86.675,1.46321925
23.072,87.133,1.47024075
29.644,86.282,1.466341587
25.731,85.483,1.551436264
26.655,85.802,1.536322863
23.517,86.228,1.4996195
39.82,85.478,1.4607905
32.007,85.187,1.539444356
29.535,85.658,1.5175815
31.143,86.292,1.42287125
25.649,85.081,1.571834968
27.012,86.952,1.459668153
26.441,86.413,1.4861995
28.067,86.634,1.45019725
29.184,84.64,1.498016
29.575,85.417,1.486843618
31.639,85.89,1.46306175
,0,#DIV/0!
27.059,85.986,1.423103
28.437,84.667,1.533287583
25.237,85.431,1.63788775
29.586,85.509,1.45581625
30.911,87.184,1.40995665
29.818,85.259,1.507483425
30.308,85.938,1.467610074
28.463,87.792,1.327239522
26.907,85.526,1.53896536
26.422,84.665,1.678607714
29.523,86.486,1.45556125
27.612,86.388,1.51163575
27.829,85.886,1.448426
32.004,86.116,1.491943669
29.373,85.471,1.5479785
30.612,85.813,1.45936225
28.593,86.982,1.432465
34.985,85.719,1.44235725
31.111,86.011,1.491748833
27.913,87.524,1.432568174
26.441,86.413,1.4861995
30.049,84.186,1.5439165
35.579,85.147,1.45133475
29.463,85.336,1.533496835
29.645,86.08,1.45342075
32.279,85.404,1.496619216
30.359,86.999,1.479652953
31.887,85.866,1.458172082
34.395,85.267,1.445171798
27.241,86.265,1.502309477
25.496,84.461,1.578387
31.194,86.567,1.474253
43.691,87.352,1.35798383
27.528,85.8,1.47097575
28.052,86.453,1.454844847
36.541,83.611,1.55123125
30.172,86.724,1.408940839
31.057,86.472,1.453638036
29.801,85.903,1.507583326
27.273,81.362,1.65765425
30.658,87.434,1.4402245
20.377,85.44,1.588731113
30.499,86.204,1.3980185
32.112,85.737,1.462791628
28.313,85.277,1.58402891
25.42,85.837,1.501728267
30.911,84.586,1.541818
35.028,85.072,1.47417075
28.597,86.466,1.44573075
30.593,85.628,1.483798338
,0,#DIV/0!
33.038,83.747,1.562279873
31.89,85.505,1.519636304
28.903,85.322,1.501985
31.939,85.162,1.484469595
25.228,85.81,1.496468785
36.2,83.676,1.543422066
31.188,86.579,1.454374706
36.031,86.8,1.415068651
31.005,83.122,1.578772
23.489,85.863,1.518721687
28.347,85.426,1.570111049
28.923,84.737,1.52793725
31.886,86.1,1.439919899
30.479,87.241,1.457320646
26.325,84.305,1.59614725
,0,#DIV/0!
31.262,86.615,1.48351675
28.283,85.816,1.4446905
26.986,85.07,1.484461405
33.247,86.638,1.46697117
33.263,86.556,1.52801722
31.488,85.73,1.4936705
28.052,86.103,1.476405
31.107,86.429,1.429894049
27.755,86.915,1.445138049
31.189,86.722,1.382934329
20.521,85.171,1.601616016
28.837,86.014,1.51925775
31.345,86.793,1.42833
31.188,86.237,1.435371707
30.601,86.203,1.49843575
32.204,85.539,1.474634
31.571,87.306,1.37642725
32.246,85.65,1.47292075
31.25,87.625,1.3674
30.687,85.711,1.46736975
34.467,85.856,1.44196175
35.39,85.141,1.48761525
26.901,85.185,1.466244588
26.204,85.031,1.531808182
32.308,83.864,1.568573686
32.112,85.465,1.51702625
29.019,85.052,1.54605675
32.126,82.055,1.6522645
22.964,86.584,1.49699278
28.724,88.498,1.3980565
30.694,85.454,1.534159592
32.411,88.294,1.356456065
23.517,86.228,1.4996195
27.201,85.61,1.506894319
28.988,84.133,1.55825775
34.775,85.799,1.44804802
29.293,86.118,1.48297942
29.038,85.513,1.528089
36.91,83.952,1.5772275
23.897,85.069,1.510689607
29.231,86.442,1.471784
29.753,85.334,1.4978685
31.003,85.688,1.4849335
28.638,85.883,1.53891575
31.166,84.478,1.522585774
29.871,85.386,1.479696
27.626,85.816,1.497911
38.633,83.88,1.48897136
30.515,85.28,1.509946099
27.718,86.208,1.49952775
31.749,83.067,1.586835382
24.824,86.302,1.45278475
34.31,83.596,1.56839625
20.577,86.154,1.54714725
29.855,85.168,1.51258775
26.893,84.824,1.488635386
28.049,84.947,1.52411275
31.45,86.401,1.466216662
31.562,87.068,1.45324525
28.006,85.145,1.535349853
31.753,85.928,1.4682455
29.692,85.335,1.496926
25.994,84.807,1.554140209
26.532,85.058,1.5693255
31.006,85.496,1.49668625
29.978,86.609,1.45008275
26.471,85.418,1.575923
28.49,83.928,1.573566764
29.986,85.215,1.52863375
31.887,85.912,1.439177108
28.949,85.336,1.521518965
27.684,84.983,1.477930029
29.241,86.006,1.46604741
25.05,84.352,1.664312107
24.939,84.693,1.56327675
29.091,86.215,1.457023
22.754,85.211,1.58966225
28.9,85.773,1.509079841
27.824,85.938,1.52392825
16.561,85.894,1.627175022
23.222,85.714,1.54045425
29.729,85.327,1.51991025
23.962,84.038,1.597143971
30.902,87.014,1.455351
26.732,84.976,1.540364
29.499,86.586,1.459820098
27.917,86.314,1.488078369
29.533,85.474,1.5131775
25.122,86.036,1.51357675
27.989,86.176,1.49803652
27.156,84.595,1.568162932
32.672,86.321,1.461421864
29.705,87.535,1.3411365
26.75,85.626,1.550591988
28.284,87.618,1.429630954
27.906,86.132,1.49681075
21.157,85.661,1.557894579
28.874,86.875,1.444563196
27.539,84.824,1.55165925
24.077,85.776,1.479641296
29.651,87.111,1.436611
27.953,85.911,1.50656075
26.598,85.162,1.486875
29.852,86.805,1.438672
24.354,84.067,1.578182782
27.056,85.971,1.42702777
30.054,86.779,1.440435346
25.244,84.659,1.566579
30.077,85.605,1.4911515
25.946,85.555,1.52924825
31.12,84.11,1.448325517
30.44,86.511,1.39131725
32.154,86.471,1.405218698
27.514,85.676,1.51015525
31.086,85.885,1.4816915
30.727,86.073,1.456941931
31.345,86.793,1.42833
29.816,85.613,1.49927125
31.389,85.389,1.450078
30.438,85.5,1.52278025
28.867,85.663,1.53519075
31.841,87.082,1.387663877
26.532,85.058,1.5693255
33.434,86.385,1.504500705
29.784,85.661,1.47651325
29.801,85.903,1.507583326
31.053,86.399,1.415126
31.065,85.345,1.486395
35.296,86.672,1.381081189
33.371,87.673,1.35650275
28.986,85.481,1.4885365
30.515,85.28,1.509946099
30.679,87.53,1.392280173
29.576,86.198,1.4458975
26.656,85.563,1.500379492
30.246,86.727,1.431252687
29.728,85.105,1.465638656
29.249,84.29,1.515294153
32.891,86.437,1.42362875
32.125,86.117,1.43823125
30.15,86.798,1.44908275
29.858,86.4,1.4577275
28.316,84.57,1.603171032
29.965,88.763,1.3582975
30.665,86.478,1.4259965
22.875,84.99,1.596779282
29.963,86.017,1.49410775
30.392,86.762,1.42996525
22.434,85.023,1.550255253
29.579,84.265,1.5473665
27.672,86.098,1.5735585
27.208,85.909,1.4864695
32.075,85.815,1.436372773
,0,#DIV/0!
29.58,85.564,1.46548775
31.976,86.371,1.444123191
32.448,85.682,1.457724173
,0,#DIV/0!
31.668,86.848,1.402763
29.799,85.145,1.513989
30.134,85.269,1.451065261
27.582,85.195,1.4950307
29.933,85.865,1.471313963
26.735,84.502,1.556570566
28.978,85.758,1.53113125
30.641,82.831,1.68560025
29.157,84.209,1.55383825
28.348,85.099,1.523625986
27.663,85.76,1.489189892
31.057,86.472,1.453638036
28.834,86.856,1.467661
29.08,85.905,1.50030325
38.576,84.907,1.46542675
38.039,86.353,1.350344247
19.907,82.719,1.831595
31.557,85.892,1.476757
29.191,84.113,1.558924339
27.463,83.408,1.56615
25.496,84.461,1.578387
26.079,84.166,1.56757975
31.681,85.688,1.508921661
28.663,86.535,1.51595359
32.849,84.927,1.551199738
32.075,85.815,1.436372773
26.684,85.508,1.470901709
32.514,84.697,1.531222
34.076,83.488,1.454278793
34.083,84.533,1.439764
26.638,83.895,1.57889025
30.58,82.512,1.556506
29.927,84.348,1.517692323
33.62,85.464,1.486761868
26.401,81.908,1.62071325
23.687,82.997,1.66865525
28.837,86.746,1.47419825
29.378,84.585,1.497205722
31.299,85.275,1.45111125
30.464,86.179,1.4749675
28.671,83.512,1.584189592
30.769,86.926,1.42527825
33.497,83.313,1.55335625
28.179,84.299,1.5598525
27.539,84.824,1.55165925
29.899,82.229,1.56917025
28.517,84.526,1.532818
28.433,84.787,1.5263065
22.831,84.097,1.570506
28.232,86.515,1.381860569
25.861,81.438,1.661363386
28.192,83.385,1.596721
25.03,85.844,1.520830292
38.523,84.878,1.4679895
26.788,83.613,1.598255483
26.978,84.641,1.559839598
35.606,85.055,1.457641326
30.129,84.24,1.539730647
28.861,85.474,1.519551054
27.693,86.054,1.51749675
30.793,85.031,1.513797112
28.195,86.332,1.475196502
27.508,85.676,1.526153738
28,82.818,1.576320513
34.239,86.215,1.487661877
30.305,85.548,1.4946745
27.986,82.123,1.596685283
32.245,84.646,1.506642434
19.606,85.866,1.49507775
29.933,85.865,1.471313963
25.318,86.65,1.4547695
24.135,84.27,1.58294675
27.587,84.88,1.531411814
29.297,85.493,1.503821212
17.881,84.195,1.55964575
26.62,84.507,1.52900725
23.609,85.948,1.51526025
29.914,84.083,1.552711277
27.708,83.782,1.66567275
41.597,84.714,1.3609545
,0,#DIV/0!
29.812,84.308,1.39478575
25.602,86.02,1.46782175
31.05,85.104,1.499534255
30.95,86.673,1.457575576
31.25,84.764,1.517760428
30.752,80.677,1.68016225
36.541,83.611,1.55123125
36.842,85.105,1.422241972
26.57,75.378,1.91249775
29.063,79.949,1.723304733
27.986,83.902,1.63581825
,0,#DIV/0!
28.561,84.073,1.50174925
,0,#DIV/0!
32.314,83.995,1.602831
30.893,86.653,1.42652675
14.732,84.732,1.57324475
24.641,83.134,1.6191375
33.341,86.439,1.355882809
33.194,87.824,1.374311986
29.981,85.549,1.457622
27.065,81.576,1.63496275
29.387,80.364,1.666912419
26.571,83.842,1.577577526
26.743,84.66,1.587634126
,0,#DIV/0!
,0,#DIV/0!
,0,#DIV/0!
,0,#DIV/0!
,0,#DIV/0!
29.708,86.521,1.40111325
27.3,86.115,1.4347205
14.029,81.499,1.756093311
22.269,82.835,1.620865
28.042,83.76,1.59185675
25.903,83.458,1.61807375
26.091,82.872,1.532532
24.801,82.358,1.5891285
31.225,82.335,1.605503445
27.66,83.579,1.60298575
20.209,82,1.67519825
27.573,82.188,1.62448825
26.597,82.063,1.554269293
20.991,80.832,1.778636
33.173,93.622,1.139756
33.85,94.803,1.01100711
26.809,92.305,1.219447806
28.153,93.395,1.21578975
30.989,95.301,0.997266277
28.627,93.652,1.21946875
31.847,92.931,1.18902664
31.904,94.826,1.03031675
26.59,93.41,1.23327675
33.333,94.639,1.020577706
27.182,93.232,1.267711823
33.562,93.113,1.09837
39.642,96.299,0.86604859
32.5,94.154,1.0779485
26.786,93.214,1.210140149
26.262,95.019,1.052513
30.191,92.962,1.147538275
28.288,84.589,1.601356
30.754,95.839,0.989634354
,0,#DIV/0!
28.15,85.202,1.50476425
25.288,86.056,1.41455525
21.946,82.135,1.625287
28.433,84.787,1.5263065
22.183,81.38,1.60751825
24.936,81.074,1.64890575
22.074,86.052,1.581596684
26.773,87.256,1.378679463
33.512,86.975,1.334671347
30.28,89.659,1.2681425
26.665,91.526,1.254841
26.951,88.075,1.3399165
24.319,89.869,1.3758425
32.529,93.53,1.108160418
33.446,93.109,1.110222398
27.547,87.579,1.430832942
27.479,88.02,1.366812082
26.145,90.926,1.305368054
28.906,89.662,1.26623425
27.486,87.297,1.40233025
28.847,89.664,1.2776515
29.063,90.37,1.268186318
24.277,86.323,1.493092819
30.076,89.063,1.28697938
30.335,91.494,1.216220912
27.473,87.786,1.42512375
28.069,88.448,1.364654603
30,91.568,1.2236875
,0,#DIV/0!
29.614,89.119,1.33703363
29.936,92.288,1.240844408
29.728,89.741,1.298478
29.402,89.628,1.317532175
40.02,92.652,1.1432195
37.329,92.125,1.201043
31.588,91.759,1.180879809
30.382,89.826,1.304284793
30.867,89.754,1.3019425
30.616,93.498,1.118078069
31.886,90.47,1.271827532
28.367,90.306,1.32005025
31.541,90.291,1.28464675
33.015,93.272,1.141623
30.548,93.706,1.1440445
31.208,93.294,1.15033325
33.187,94.269,1.08301992
32.191,90.487,1.309308407
31.023,87.753,1.408770162
27.826,76.203,1.86400711
,0,#DIV/0!
23.644,81.337,1.650894259
,0,#DIV/0!
32.075,81.95,1.635375646
30.064,86.241,1.41062975
32.592,85.963,1.505447
,0,#DIV/0!
26.889,87.622,1.40869725
25.905,87.704,1.391094839
38.172,87.447,1.31775425
38.451,87.497,1.32471875
30.39,88.309,1.354394456
28.296,87.91,1.415274847
27.376,86.033,1.4347885
27.289,86.536,1.396084461
28.736,85.502,1.439826
27.515,87.622,1.433413
25.844,88.827,1.36385025
25.788,89.5,1.3813225
,0,#DIV/0!
26.818,83.924,1.533403166
23.724,90.069,1.3322745
24.13,88.962,1.376063011
29.063,86.812,1.439772852
30.855,84.572,1.515494655
30.228,87.839,1.36890125
36.842,86.579,1.400534255
29.537,84.798,1.50913325
28.305,87.401,1.38757425
30.418,85.209,1.5033775
32.064,84.769,1.5358995
27.57,83.901,1.540180152
25.96,84.654,1.602281023
28.35,84.903,1.512555374
24.885,86.1,1.555884309
29.622,85.73,1.46398225
31.518,84.181,1.522783
26.11,84.757,1.500405742
28.676,86.378,1.42930475
29.819,88.588,1.32913375
27.072,84.091,1.520185452
29.736,86.54,1.40016825
30.217,85.44,1.442457825
24.299,86.595,1.476507
23.643,86.246,1.50358225
33.716,89.482,1.334566596
26.501,86.296,1.473858
24.369,84.899,1.570425046
21.909,88.373,1.534881349
27.486,87.297,1.40233025
28.177,86.193,1.443822812
30.224,89.125,1.333130919
23.863,82.512,1.57829
25.35,85,1.4829625
29.807,86.545,1.37777
29.012,87.98,1.388505
28.488,84.535,1.521102461
28.68,87.525,1.417059409
26.126,87.566,1.3934835
27.684,87.022,1.36039675
31.297,87.381,1.380366304
28.912,89.224,1.25719925
29.007,85.52,1.47953225
27.706,86.747,1.4249255
31.48,87.328,1.41301225
22.034,88.199,1.53963175
32.262,86.946,1.401425736
33.886,88.203,1.32077625
29.601,86.871,1.44561725
29.865,88.559,1.351473
33.767,87.202,1.36588425
33.81,85.973,1.51231925
29.955,89.609,1.299231
27.823,86.421,1.424227508
29.89,88.904,1.346168712
28.498,89.377,1.26194825
31.394,86.061,1.388408884
22.743,88.73,1.449072509
26.887,86.91,1.418966
28.453,86.038,1.419486695
31.387,87.435,1.356009
27.158,88.911,1.327151
28.932,88.131,1.37272225
30.031,87.768,1.402455475
30.194,86.778,1.37976775
25.843,86.068,1.575849492
28.878,89.448,1.285334147
30.278,87.805,1.366094839
32.033,88.943,1.24289225
30.412,88.595,1.337204372
27.178,86.441,1.45453925
28.618,86.682,1.3801735
27.205,88.051,1.41798125
27.794,89.273,1.31097675
27.137,90.221,1.286590134
29.32,86.993,1.399069
28.555,89.682,1.333302
28.61,89.647,1.2443855
28.537,88.42,1.355503055
30.807,92.577,1.143225182
29.933,91.533,1.226835
31.207,85.712,1.460803642
30.097,87.378,1.407538425
28.216,91.141,1.206583434
32.457,91.452,1.22533875
30.88,90.336,1.280944
28.598,86.64,1.3917925
29.419,88.463,1.333582336
24.304,83.815,1.649598754
25.413,81.789,1.67499125
31.287,88.713,1.33624425
22.955,84.659,1.59069325
26.756,88.2,1.325085249
33.556,88.235,1.36700825
21.217,83.28,1.65620575
19.717,81.174,1.75044925
28.708,87.712,1.39041975
,0,#DIV/0!
33.014,87.146,1.449580254
30.402,87.652,1.362665873
26.239,87.316,1.4649865
27.765,87.878,1.405479
33.369,89.487,1.314003
30.495,89.918,1.30796792
31.762,88.864,1.32848375
29.14,87.312,1.3847575
28.461,87.733,1.39392075
32.065,88.023,1.35101626
32.316,87.156,1.3921425
32.952,87.201,1.371530785
31.613,87.349,1.3943175
34.6,86.719,1.3109935
27.025,86.64,1.448800738
33.648,87.032,1.360729893
30.235,87.606,1.374396256
33.377,89.793,1.23904611
30.354,87.065,1.399943
,0,#DIV/0!
30.903,86.713,1.410478355
28.091,88.152,1.383294917
31.242,86.751,1.381432064
27.907,86.179,1.452422024
27.816,86.93,1.421576466
29.59,87.102,1.436323113
30.108,86.189,1.480344
26.822,86.356,1.468560314
20.926,81.204,1.6902835
31.658,88.229,1.34074725
24.195,88.995,1.44643525
28.864,86.023,1.447703046
31.586,89.45,1.31399836
23.373,84.833,1.5978675
30.924,86.943,1.376728483
29.566,86.896,1.407876829
27.443,87.76,1.450540505
22.533,86.454,1.496728533
28.368,88.134,1.349087741
21.371,87.473,1.474347
27.77,87.183,1.468778062
22.889,87.899,1.4179345
20.259,85.172,1.580236302
25.491,86.098,1.45250275
23.064,86.135,1.445928709
28.903,88.258,1.37543975
27.472,87.743,1.451389486
27.58,88.291,1.364530395
29.814,87.028,1.4086855
27.972,87.95,1.458553
27.684,87.022,1.36039675
29.2,87.671,1.4447915
26.534,85.837,1.48218125
30.183,88.341,1.37488225
25.704,87.183,1.4115665
28.242,88.588,1.35043425
20.861,85.111,1.538282867
30.259,86.795,1.45253525
30.867,88.704,1.34887425
28.051,86.471,1.419931949
28.117,87.84,1.365209902
30.267,88.243,1.3462245
28.68,87.525,1.417059409
27.63,88.23,1.433913
30.793,87.252,1.4096485
29.419,88.463,1.333582336
27.703,87.982,1.464565
30.022,87.224,1.37322875
27.136,86.371,1.43053075
26.015,87.495,1.378234282
32.296,89.02,1.338329
30.531,88.277,1.362428624
30.779,88.031,1.357872171
28.163,86.807,1.486152
32.176,88.242,1.37240275
31.116,88.384,1.337376
29.961,87.395,1.410742357
33.648,87.032,1.360729893
30.696,88.437,1.339889649
33.353,88.045,1.290161348
31.872,86.282,1.46195075
29.8,86.708,1.42429825
33.895,87.303,1.3227425
27.979,87.817,1.36566075
22.238,88.011,1.451596734
25.466,88.173,1.543161
30.255,81.198,1.608463415
,0,#DIV/0!
27.328,87.112,1.4465115
31.125,87.325,1.369731553
29.986,87.616,1.398569014
27.2,88.443,1.357053
24.798,85.127,1.55904625
25.633,84.955,1.56529775
30.141,88.713,1.356521065
30.127,86.794,1.40400979
30.142,85.165,1.479820798
31.401,87.3,1.38444325
22.81,80.188,1.875617244
22.445,86.432,1.501078989
30.897,88.596,1.339251393
32.988,89.78,1.214159142
29.716,87.376,1.4100515
32.178,88.293,1.323403
30.538,86.183,1.473532
27.848,87.558,1.38223575
33.46,86.803,1.387864879
29.183,85.556,1.472791022
32.925,87.02,1.454234292
30.625,88.528,1.341709667
30.403,88.203,1.367607
30.142,85.165,1.479820798
27.283,86.907,1.462093121
25.909,87.727,1.4688995
33.517,87.549,1.394264443
30.351,88.842,1.357780672
28.9,87.15,1.4403125
31.594,88.524,1.341529915
22.969,84.895,1.589080109
29.012,87.98,1.388505
31.729,88.756,1.341900331
28.012,85.22,1.49515825
29.39,86.523,1.441958
30.69,88.322,1.348717
32.178,88.705,1.345762042
25.102,85.193,1.55095001
30.743,88.16,1.363532385
33.992,87.26,1.3459715
29.366,85.025,1.50948175
29.557,87.4,1.3791295
25.115,85.601,1.53037575
30.463,88.049,1.363460385
25.498,86.642,1.3947775
28.191,88.225,1.37573275
32.05,87.598,1.382235
24.694,86.667,1.50096275
30.44,86.511,1.39131725
29.778,87.179,1.41820925
23.632,84.188,1.57257975
25.613,85.644,1.552537551
24.424,88.198,1.383069081
28.781,85.054,1.53103
30.461,86.738,1.415737907
33.657,88.243,1.3689685
27.571,84.774,1.52654325
27.32,85.266,1.488765
30.167,88.784,1.3829695
31.924,86.379,1.417383
31.158,87.096,1.436400636
29.484,87.68,1.396301787
32.483,86.958,1.43638375
27.468,86.803,1.52982675
29.383,87.116,1.38798638
29.263,87.438,1.4087955
,0,#DIV/0!
32.337,88.045,1.37404025
29.394,86.33,1.48175
30.347,87.604,1.3882985
30.782,88.274,1.33817375
20.161,85.301,1.594560554
21.371,87.473,1.474347
27.205,88.692,1.3610445
27.115,85.938,1.518372316
28.707,85.884,1.4803185
31.585,87.387,1.385758108
32.057,86.599,1.488898111
29.231,87.482,1.4085185
32.512,88.33,1.340422
28.829,86.203,1.5565805
36.499,89.258,1.24700175
31.754,87.874,1.369634
26.8,86.267,1.61255
33.879,87.125,1.35016775
31.647,88.645,1.329777048
32.262,86.946,1.401425736
30.787,88.838,1.31951375
43.992,88.645,1.17201975
29.512,86.677,1.4795585
40.497,88.068,1.296761718
28.012,85.22,1.49515825
28.191,88.225,1.37787475
30.955,88.966,1.311018
25.876,84.846,1.60177175
27.979,88.15,1.384398188
30.535,89.206,1.29552675
31.514,84.039,1.545510955
,0,#DIV/0!
,0,#DIV/0!
,0,#DIV/0!
36,82.161,1.667324423
,0,#DIV/0!
,0,#DIV/0!
29.512,86.677,1.479937451
26.553,82.132,1.609118818
29.223,87.087,1.39059025
,0,#DIV/0!
29.474,86.644,1.482571076
26.8,85.667,1.442312577
24.444,77.152,1.848466985
29.704,85.977,1.44304918
,0,#DIV/0!
28.763,87.349,1.41695667
28.143,81.485,1.675209502
36.073,87.171,1.371899719
27.655,86.858,1.434640654
,0,#DIV/0!
32.803,84.198,1.461076861
,0,#DIV/0!
29.784,87.165,1.374733747
22.888,86.181,1.532907
32.582,90.981,1.27198403
30.387,90.838,1.315909591
23.897,84.157,1.62456525
26.708,89.369,1.387584624
25.057,82.833,1.731275
27.333,86,1.515499655
23.089,83.848,1.670204
27.172,83.469,1.47019625
22.548,76.13,1.94347225
15.265,77.424,1.921089
31.272,88.626,1.32756475
20.033,85.033,1.5238745
29.073,86.647,1.481954
31.911,88.644,1.335472145
15.362,86.74,1.510175648
23.375,84.283,1.6190415
29.818,89.32,1.267547325
24.824,87.401,1.4154525
29.263,87.438,1.4087955
24.935,88.723,1.31779225
23.3,87.434,1.361006
,0,#DIV/0!
19.397,85.327,1.55766875
31.696,88.355,1.349734003
19.335,85.697,1.57829825
33.967,88.218,1.31867275
32.943,85.974,1.422416776
26.667,86.667,1.5091505
,0,#DIV/0!
29.263,87.438,1.4087955
36.525,89.268,1.2462955
25.157,87.107,1.5134505
28.836,88.264,1.511751632
38.324,87.715,1.263567114
18.809,84.64,1.572428026
36,82.162,1.668302817
18.641,82.093,1.654236292
18.333,87.5,1.526251013
26.667,81.777,1.755496195
,0,#DIV/0!
36.382,89.165,1.25179275
36.495,89.302,1.24575175
16.835,89.225,1.49491975
22.129,88,1.43184975
26.025,87.226,1.3658585
25,86.236,1.54340375
22.867,87.733,1.478132
17.937,85.343,1.567121
35.991,87.406,1.29258125
17.795,86.581,1.6713415
17.969,83.869,1.59060475
28.291,84.367,1.502398
22.602,87.217,1.478599
33.333,91.132,1.026987
,0,#DIV/0!
18.32,80.849,1.84286575
22.954,83.976,1.609053
28.377,85.584,1.384330843
17.467,83.889,1.6729385
36.46,89.227,1.248356984
26.261,85.228,1.449732247
21.025,87.85,1.60020625
20.118,84.236,1.6399816
19.725,86.325,1.6218125
34.629,87.834,1.31372375
25.838,85.297,1.538647
27.3,85.94,1.578995
36.154,89.171,1.253702537
29.713,83.238,1.577833278
38.413,86.258,1.37418725
41.449,88.666,1.174626
16.74,82.735,1.7338165
27.161,84.607,1.5002145
21.711,86.301,1.558666913
,0,#DIV/0!
19.852,87.042,1.500375496
27.083,85.77,1.48946
,0,#DIV/0!
27.313,84.129,1.5685485
27.273,85.729,1.502490725
,0,#DIV/0!
25.8,86.56,1.570205
36.391,89.231,1.2500185
,0,#DIV/0!
22.001,86.306,1.563964
36.267,89.161,1.255213802
28.874,85.563,1.444805552
29.394,86.33,1.48175
27.156,85.633,1.50733025
28.083,85.428,1.50449825
20.043,86.502,1.57640425
21.487,85.028,1.51310575
24.125,84.376,1.517086579
30,86.467,1.47087575
30.364,85.458,1.440395596
29.764,84.37,1.48264575
28.265,84.938,1.47400849
24.566,93.03,1.062249628
26.132,85.702,1.480440196
26.335,85.824,1.47602025
23.681,86.348,1.53732925
22.63,86.913,1.56603091
22.276,83.839,1.6186745
21.536,82.724,1.63873725
21.836,83.979,1.573712987
25.143,87.286,1.401563
14.392,81.673,1.72107625
25.84,86.406,1.575410504
26.348,86.176,1.573633514
31.586,89.076,1.301182738
29.349,85.533,1.425564506
29.249,86.093,1.582818828
32.536,85.458,1.497663773
25.899,85.423,1.514314143
32.2,87.325,1.40931875
28.766,85.111,1.46865375
25.983,84.045,1.533853089
28.929,85.306,1.489285357
25.278,83.735,1.559361313
32.371,86.738,1.4170755
29.093,88.053,1.505255447
25,85.087,1.46956325
29.079,85.194,1.43978875
25.534,85.188,1.513277117
26.567,85.28,1.48964375
,0,#DIV/0!
26.625,86,1.5395625
31.015,86.159,1.38441975
24.432,88.239,1.413162
30.52,86.856,1.466254
33.63,87.478,1.3121805
21.983,86.648,1.450042
28.755,85.295,1.51213325
24.664,84.058,1.54359525
25.955,84.3,1.53334325
26.914,85.131,1.580612944
26.985,84.289,1.46140075
20.534,82.209,1.647440801
,0,#DIV/0!
20.854,86.013,1.555087852
24.098,83.247,1.54779175
32.483,86.829,1.348248982
36.496,89.268,1.247036
28.761,85.929,1.435283897
37.179,87.536,1.350085501
36.458,89.238,1.24838125
26.831,85.046,1.47302025
27.596,87.403,1.46495415
22.663,87.663,1.5657465
25.823,86.401,1.4665675
28.605,88.21,1.32404475
28.695,88.286,1.320854209
23.757,86.429,1.514696853
22.802,85.964,1.558415834
24.914,85.371,1.46522225
25.823,86.401,1.4665675
48.974,95.654,0.994500195
21.385,82.853,1.573174
28.5,86.658,1.371689
24.441,92.975,1.06454925
21.79,84.659,1.5047855
26.667,86.357,1.46956075
26.596,89.639,1.2300125
24.871,93.091,1.056730933
25.529,87.029,1.343762
33.551,90.806,1.21059075
33.02,90.635,1.223941761
26.429,89.239,1.353194718
25.648,86.477,1.46291475
36.458,89.238,1.24838125
23.472,86.436,1.495427
26.304,85.565,1.478509465
24.068,85.819,1.4778345
21.17,85.41,1.524295264
26.44,89.236,1.35140125
21.186,85.388,1.52495575
30.299,86.771,1.477756472
21.429,83.1,1.58200743
26.914,85.131,1.580612944
29.66,89.34,1.324196758
22.077,84.29,1.55267475
29.491,85.733,1.447846772
22.849,83.931,1.611906881
24.029,85.558,1.516658583
32.401,86.98,1.40556
26.49,96.29,1.00866475
23.38,84.377,1.55795767
29.764,86.832,1.485733893
40.374,88.07,1.29548725
29.151,87.772,1.4506775
24.831,89.28,1.442684
24.826,93.001,1.06203713
24.031,87.401,1.4148015
19.708,86.637,1.500644744
24.029,85.558,1.5167
27.542,86.356,1.42866125
21.336,84.965,1.514922149
23.167,86.511,1.462893371
30.191,86.361,1.430867309
31.855,91.008,1.2602175
25.309,87.964,1.43845425
25.703,86.445,1.51703375
21.023,85.224,1.509086341
25.138,84.834,1.489595
29.764,86.832,1.4861865
25.129,86.963,1.5016345
26.403,85.995,1.529604204
37.024,86.063,1.32744825
27.717,85.249,1.451632734
30.656,85.119,1.42600024
27.961,84.903,1.4062535
,0,#DIV/0!
23.835,85.413,1.518910061
33.568,85.807,1.369843552
35.466,86.57,1.329191542
24.813,84.279,1.5107265
36.436,89.214,1.249766
27.54,86.951,1.456635066
29.383,87.116,1.38798638
23.06,86.186,1.526266737
21.455,83.922,1.5706855
24.176,87.866,1.423511985
19.791,85.608,1.659351094
29.249,86.093,1.582818828
28.317,84.554,1.42003375
22.225,86.043,1.544771948
25.415,83.63,1.52195222
,0,#DIV/0!
23.738,85.132,1.523523515
27.665,85.948,1.449363744
22.196,83.205,1.61729975
26.271,85.605,1.50353125
32.536,85.458,1.497663773
,0,#DIV/0!
27.7,85.425,1.48610625
25.754,85.922,1.4695075
29.668,86.639,1.48424375
29.12,87.785,1.450627
22.02,85.536,1.53728125
,0,#DIV/0!
,0,#DIV/0!
29.493,86.613,1.4200425
,0,#DIV/0!
,0,#DIV/0!
28.668,85.603,1.501212512
25.611,83.99,1.54067975
24.95,86.275,1.46489375
24.884,85.307,1.529244292
21.186,85.388,1.52495575
29.56,90.233,1.22809275
24.561,81.184,1.69404275
15.823,77.97,1.805224052
23.733,88.953,1.358668663
26.638,83.913,1.569727
25.176,94.141,1.1256575
36.341,80.773,1.659802
29.349,85.533,1.425564506
33.59,91.257,1.18698
36.594,87.725,1.281561
29.455,86.09,1.42803525
35.265,90.952,1.151909481
37.768,86.352,1.3512025
27.041,85.425,1.49522725
29.242,86.446,1.3988085
25.05,85.285,1.4636465
,0,#DIV/0!
31.142,88.427,1.3323635
32.623,84.216,1.5273905
29.176,83.647,1.581409064
26.739,86.619,1.400893509
41.667,84.46,1.444093309
23.167,86.511,1.462893371
22.501,86.557,1.459837152
26.574,86.299,1.47124025
22.456,84.526,1.541341
29.43,86.271,1.423734737
27.186,85.102,1.514483605
23.976,86.239,1.532270927
25.605,86.547,1.486725
41.667,84.46,1.444093309
29.249,86.012,1.5110275
31.139,85.834,1.40195675
29.331,87.392,1.3928515
29.668,86.639,1.48424375
29.09,85.677,1.426905
29.634,85.585,1.465093151
24.415,86.055,1.52765075
22.081,85.723,1.549281007
24.884,86.069,1.511933
26.462,86.428,1.50012375
20.898,85.46,1.55894125
34.07,97.588,1.045813
22.293,86.17,1.619479945
26.161,86.78,1.519833698
26.509,86.447,1.443465435
24.363,86.686,1.506202438
23.38,84.377,1.55795767
29.881,86.902,1.45037575
21.336,84.965,1.514922149
27.202,85.564,1.59276225
29.385,87.542,1.5289645
30.297,86.716,1.480094051
28.269,83.75,1.52547175
30.806,87.399,1.362455125
32.808,85.184,1.483649336
29.764,86.832,1.485733893
27.44,87.615,1.508534085
31.594,86.21,1.4550555
29.949,86.06,1.507195178
29.603,86.592,1.49378325
27.545,85.07,1.511078639
31.679,86.37,1.44924675
26.772,86.771,1.52411925
27.334,85.519,1.495363796
27.97,86.562,1.466289163
32.401,86.98,1.40556
,0,#DIV/0!
28.913,86.352,1.43399359
37.121,87.414,1.3588345
28.35,85.976,1.470232798
25.431,86.517,1.576475
22.2,85.901,1.5176865
25.138,84.834,1.489595
28.756,87.537,1.251344513
29.461,86.404,1.491456335
27.468,85.158,1.542787678
30.65,87.025,1.42223125
26.507,86.691,1.43770525
29.059,82.53,1.588722863
26.955,86.51,1.45834775
23.921,86.215,1.5331275
24.029,85.558,1.516658583
27.182,86.939,1.37668775
23.318,85.645,1.5265965
35.801,85.599,1.448398
24.954,85.622,1.52199278
23.158,84.152,1.563685887
32.108,86.846,1.484246408
30.163,85.653,1.48597136
30.035,86.362,1.43816025
30.037,86.055,1.460453645
34.86,80.325,1.692576426
3.067,82.013,1.867431326
26.63,88.234,1.368741
31.302,85.048,1.532391926
21.336,84.965,1.514922149
29.249,86.012,1.5110275
28.532,86.856,1.440567
31.043,86.333,1.50483975
36.683,87.918,1.272368026
28.431,85.517,1.62564625
34.585,87.448,1.318284817
25.559,85.559,1.56169025
27.563,86.244,1.41096036
28.994,85.011,1.480182698
,0,#DIV/0!
23.845,86.797,1.497392974
32.401,86.98,1.40556
27.321,85.965,1.557686173
22.225,86.043,1.544771948
23.447,86.432,1.52600949
25.627,86.678,1.506727
27.167,85.309,1.5098075
37.768,86.352,1.3512025
25,85.806,1.51673425
27.26,86.693,1.487904
28.646,85.62,1.4494465
23.976,86.239,1.532270927
27.406,86.14,1.4233125
26.578,85.088,1.47849475
29.415,86.63,1.38900025
27.514,85.656,1.513776612
37.768,86.352,1.3512025
29.125,86.625,1.48031325
30.945,85.991,1.510139047
23.293,88.55,1.40998115
26.976,85.415,1.499710256
24.56,86.198,1.54201983
22.225,86.043,1.544771948
24.363,86.686,1.506202438
37.768,86.352,1.3512025
,0,#DIV/0!
30.297,84.433,1.474618004
30.306,85.724,1.43280425
22.222,86.287,1.516476585
36.19,87.548,1.327112729
30.345,85.359,1.457218822
25.436,86.075,1.474238492
27.202,85.564,1.59276225
25.215,85.482,1.54953275
,0,#DIV/0!
32.401,86.98,1.40556
29.131,86.265,1.47001325
,0,#DIV/0!
27.087,88.143,1.433071
29.634,85.585,1.465093151
22.663,87.663,1.5657465
28.772,86.783,1.446817
30.547,87.832,1.371103461
23.756,86.455,1.521528715
35.427,86.733,1.392817178
27.563,86.244,1.41096036
31.015,86.159,1.38441975
26.469,87.081,1.4529035
24.884,86.069,1.511933
29.149,85.229,1.46890575
26.907,87.366,1.464210642
28.218,87.401,1.387515
29.498,86.681,1.403583536
29.345,86.704,1.46127525
26.447,87.79,1.455524695
24.895,85.631,1.54388125
25.63,87.548,1.460245352
27.024,87.853,1.425776758
26.185,86.757,1.5367625
32.795,88.603,1.255812442
25.368,85.842,1.553301033
23.021,86.313,1.54001265
29.016,85.246,1.416836668
25.188,86.986,1.539509645
24.614,86.535,1.500547255
22.227,88.727,1.358182082
25.868,85.79,1.5347545
24.15,86.568,1.567162828
24.706,84.533,1.518492065
23.712,86.455,1.537336627
27.028,87.194,1.473507515
29.5,84.263,1.492714427
24.402,87.473,1.468420816
25.926,86.945,1.531087
24.719,86.719,1.453621214
31.05,86.9,1.425375
33.281,86.895,1.355197
27.348,84.945,1.56855225
25.61,87.171,1.46314625
23.466,86.784,1.54518725
21.8,85.829,1.581795182
26.233,86.349,1.541837582
27.563,86.244,1.41096036
30.2,88.343,1.35499775
27.663,86.521,1.398182018
24.895,85.631,1.54388125
24.054,87.432,1.486156362
24.477,87.585,1.462103
26.567,85.28,1.48964375
26.235,85.588,1.6057115
31.008,86.921,1.42346875
32.371,86.738,1.4170755
29.8,86.257,1.43581075
23.374,87.099,1.5247725
25.559,85.559,1.56169025
24.866,86.936,1.498353266
24.654,88.751,1.41235525
24.763,88.359,1.45098251
25.707,88.195,1.43343125
26.363,88.091,1.432341
24.387,87.439,1.44124775
22.847,87.709,1.52496375
36.005,92.826,0.9974555
24.618,86.914,1.50708375
25.452,86.201,1.50835625
26.617,88.493,1.28679525
28.606,87.26,1.457314677
22.897,86.696,1.5137505
29.613,89.972,1.260406604
22.727,88.21,1.409270843
26.321,85.959,1.4619755
31.05,86.9,1.425375
26.78,86.83,1.4427315
28.71,87.343,1.42008975
28.712,88.109,1.366807918
26.845,85.45,1.527837778
23.478,86.679,1.51147075
,0,#DIV/0!
25.083,86.69,1.50441075
25.659,87.432,1.47847
25.645,86.909,1.5125375
27.685,87.467,1.48113575
26.563,91.126,1.22067638
26.231,88.359,1.44493925
23.527,86.376,1.517881071
24.171,86.428,1.4979005
29.105,89.869,1.367057079
23.675,86.807,1.496760968
28.833,89.75,1.2784755
27.225,88.415,1.439590104
25.497,86.05,1.44795875
26.749,87.041,1.477106
26.516,85.612,1.587982
31.841,87.059,1.3885955
28.914,86.286,1.43925275
24.512,86.792,1.491139
26.023,86.619,1.43943725
23.059,86.118,1.5077145
25.892,86.917,1.477365524
26.914,85.131,1.580612944
25.042,87.479,1.455639056
23.483,87.343,1.4887645
25.58,88.814,1.3884425
23.04,86.003,1.5436345
29.256,85.077,1.56102536
28.921,87.673,1.43028975
25.863,86.631,1.49738725
25.605,86.547,1.486725
27.841,88.341,1.41425525
22.94,85.938,1.571348213
28.721,87.284,1.43451225
29.844,87.045,1.441819918
23.887,85.854,1.524678747
29.949,86.06,1.507195178
28.425,86.256,1.45798592
28.579,87.324,1.438392884
24.667,87.392,1.432941421
29.538,88.175,1.3867625
30.341,88.624,1.3790065
25.847,85.966,1.4855525
26.535,87.369,1.474150242
25.522,85.832,1.51391
,0,#DIV/0!
24.429,85.773,1.52924275
23.431,84.51,1.581646566
27.749,86.686,1.49287775
25.781,86.295,1.517164578
25.027,87.892,1.289711
29.977,87.267,1.448726013
25.497,86.412,1.528922539
23.887,85.854,1.524678747
24.555,86.714,1.494552
23.779,86.406,1.53621175
23.139,86.405,1.496091539
29.171,87.286,1.44258475
25.678,86.842,1.510744357
29.855,86.12,1.4395645
30.123,88.395,1.38100831
23.054,85.548,1.58294625
23.779,87.277,1.497270223
27.248,87.224,1.536156638
25.505,86.551,1.530947809
25.847,85.966,1.4855525
28.489,87.935,1.462551124
24.49,86.711,1.4952745
27.255,86.894,1.4862555
28.492,87.99,1.45783825
26.567,85.28,1.48964375
28.51,88.169,1.430478695
24.496,86.755,1.49334525
29.349,85.533,1.425564506
25.952,86.167,1.50304225
28.455,88.091,1.43521475
28.721,87.284,1.43451225
30.199,87.27,1.45895125
25.395,86.85,1.494416388
33.63,87.478,1.3121805
27.968,88.574,1.388811862
24.95,86.682,1.505621944
23.999,87.048,1.529657
30.585,86,1.451325763
27.476,87.358,1.46449925
24.815,87.122,1.49460225
25.212,87.406,1.493652063
26.879,86.932,1.48872025
28.091,86.309,1.457277573
24.626,86.52,1.526337013
24.953,88.4,1.420329703
28.856,88.202,1.42655225
30.895,87.287,1.38397816
28.783,88.019,1.436091389
,0,#DIV/0!
24.716,87.259,1.46308675
24.511,86.867,1.538594136
31.25,88.25,1.3787
25.302,87.349,1.494505
24.555,86.714,1.494552
31.21,86.598,1.468511935
,0,#DIV/0!
,0,#DIV/0!
33.496,87.946,1.398963229
27.937,87.579,1.428045
25.844,87.139,1.483504335
28.617,86.222,1.544415306
30.511,86.845,1.466886919
23.768,86.596,1.528417
27.335,87.048,1.563519865
23.526,88,1.392424
,0,#DIV/0!
29.106,87.482,1.419328693
24.54,85.734,1.566365336
29.639,87.043,1.455475945
31.028,86.491,1.450531
26.182,85.863,1.522593
25.386,86.841,1.487690127
,0,#DIV/0!
36.319,91.405,1.15706225
34.561,90.047,1.227305523
28.637,87.454,1.39068975
27.804,87.246,1.41576675
24.694,86.068,1.543738313
27.951,86.293,1.50979875
26.616,86.515,1.5097015
27.802,87.166,1.419738947
29.127,86.85,1.451637016
25.443,86.87,1.485475
30.708,87.489,1.41988125
23.3,85.811,1.572306
26.25,87,1.50280825
24.491,86.689,1.495516
25.148,85.6,1.568902189
26.33,87.04,1.4984215
29.952,87.108,1.42277475
26.55,87.128,1.46187375
26.682,87.309,1.454124
31.727,87.567,1.472277777
27.036,86.591,1.50302903
31.627,87.532,1.41957925
29.659,86.585,1.44203133
26.299,86.329,1.51563975
29.75,87.044,1.427471025
24.599,85.834,1.58288175
,0,#DIV/0!
31.111,86.691,1.48197693
26.708,86.57,1.50063825
27.22,86.878,1.4801345
25.526,84.993,1.560870391
24.571,86.857,1.4874175
28.393,87.488,1.446493
26.872,86.26,1.529447044
29.92,87.258,1.44870475
31.3,86.725,1.42373125
25.428,87.083,1.487607376
27.222,86.936,1.477273273
28.667,87.857,1.362296627
26.267,85.685,1.529171792
31.584,87.497,1.47550825
30.25,87.125,1.43905
25.264,85.829,1.550410504
28.653,87.666,1.37146075
24.891,87.007,1.505630444
26.528,87.015,1.493902439
27.187,86.968,1.4793
28.665,86.602,1.441331087
24.796,86.433,1.5255005
25.529,87.078,1.486654617
24.994,85.981,1.56262925
25.468,86.556,1.51563025
29.552,87.051,1.42919675
26.16,86.486,1.5093925
25.028,86.75,1.504057959
29.549,86.06,1.452985
26.066,86.901,1.47697125
29.625,86.825,1.45239375
23.951,86.445,1.535646856
,0,#DIV/0!
24.945,86.619,1.516814082
27.07,87.796,1.447629726
26.113,86.596,1.519489195
23.936,85.117,1.575770508
29.048,85.738,1.479227542
26.694,85.685,1.521453535
26.481,86.084,1.510378104
29,86.5,1.425025
26.674,86.893,1.497572
20,83.438,1.687329
24.826,86.065,1.522328973
22.141,85.091,1.562315373
27.064,87.592,1.390411846
23.944,85.552,1.584238658
27.381,85.905,1.53300275
29.427,86.927,1.430269803
25.304,86.931,1.4949065
29,85.389,1.45888775
25.498,86.685,1.517789
30.073,84.366,1.4650385
30.327,86.231,1.4600435
24.895,86.291,1.513336367
27.387,85.296,1.535222852
35.848,85.782,1.43740225
23.445,85.842,1.565249195
26.771,85.314,1.5185925
28.7,86.225,1.47696875
26.511,86.868,1.497584274
25.309,85.383,1.574694503
28.204,86.165,1.43097725
29.661,86.984,1.428617
29.2,87.75,1.3997375
24.64,86.286,1.514283893
24.344,83.032,1.589285643
28.53,87.181,1.36788675
26.164,85.427,1.52964125
29.952,87.108,1.42277475
,0,#DIV/0!
28.667,87.857,1.362296627
22.588,86.596,1.53974075
28.854,87.37,1.3943275
25.327,86.717,1.503823712
25.792,85.347,1.54447125
25.661,86.52,1.4937545
23.503,84.205,1.634713903
25.135,86.367,1.535282397
24.125,85.135,1.597077779
26.161,86.78,1.519833698
28.247,85.945,1.469260557
25.31,86.365,1.505349
26.462,86.428,1.50012375
29.686,86.931,1.422557774
22.962,88.636,1.440082401
20.707,85.734,1.5655125
25.05,85.285,1.4636465
26.301,85.584,1.46389375
,0,#DIV/0!
28.022,85.385,1.49884625
28.952,86.691,1.44273675
28.167,85.565,1.481749567
26.405,86.243,1.494091632
25.869,85.753,1.52305575
24.614,86.535,1.500547255
29.488,86.529,1.419370806
26.631,86.774,1.480060301
23.04,86.003,1.5436345
24.46,85.596,1.505850441
26.574,86.299,1.47124025
26.938,85.947,1.50731325
27.747,87.059,1.48599125
20.609,88.116,1.5774805
27.764,87.01,1.44520975
28,85.699,1.4863355
28.852,86.584,1.43819825
27.797,86.76,1.42181825
25.633,86.845,1.497521525
25.143,87.766,1.439298
25.852,86.95,1.4664545
27.416,85.059,1.55927625
26.233,84.183,1.612851993
25.921,86.237,1.525752758
24.701,86.026,1.545877709
25.468,86.556,1.51563025
23.184,86.169,1.5662045
26.067,86.434,1.500164998
,0,#DIV/0!
26.642,85.338,1.46405475
25.86,87.46,1.47452225
25.289,86.316,1.552411226
22.478,84.923,1.618847
,0,#DIV/0!
27.758,86.549,1.4268495
27.203,86.76,1.4919105
,0,#DIV/0!
32.69,87.857,1.3891715
27.763,86.32,1.482583826
26.574,86.299,1.47124025
24,86.15,1.51785
26.812,85.354,1.5205045
27.685,87.467,1.48113575
27.146,87.334,1.50394925
24.025,85.674,1.54972675
27.804,87.246,1.41576675
29.075,86.175,1.43203125
25.373,87.733,1.42880925
28.166,86.885,1.417193578
25.261,86.213,1.5558565
,0,#DIV/0!
24.801,85.677,1.539783398
26.024,86.426,1.54799275
25.393,86.516,1.490701407
23.939,85.991,1.564820602
,0,#DIV/0!
24.889,86.711,1.505113301
30.389,85.958,1.490737907
23.677,85.855,1.57352175
24.909,86.482,1.52307475
24.967,86.006,1.570123
25.313,83.781,1.599693003
28.043,85.934,1.4949995
18.611,76.389,1.938808388
23.67,86.28,1.55177625
24.402,87.473,1.468420816
,0,#DIV/0!
,0,#DIV/0!
23.1,76.775,1.8858375
29.008,86.941,1.48735125
24.327,82.089,1.658485915
23.912,85.777,1.499576
26.235,85.588,1.6057115
29.306,85.75,1.435427646
33.304,87.205,1.37533475
26.381,85.762,1.504346793
29.1,81.925,1.56115625
24.978,86.732,1.50466575
28.674,83.618,1.57564025
27.109,86.849,1.440490595
28.641,86.55,1.443385316
24.025,86.325,1.49028125
29.395,85.957,1.42795475
28.642,86.321,1.53913425
23.318,85.645,1.5265965
23.805,75.487,1.916645916
25.795,85.597,1.46631175
24.895,85.631,1.54388125
21.356,76.416,1.936423364
24.749,86.763,1.5309865
20.187,76.705,1.918509685
27.395,86.531,1.49521025
25.188,86.986,1.539509645
29.634,85.366,1.48013325
23.734,86.507,1.5340315
26.447,87.79,1.455524695
29.99,85.563,1.47702423
24.363,85.306,1.597143
23.821,87.611,1.39713925
23.844,79.973,1.7469675
25.043,86.247,1.5138
23.67,86.28,1.55177625
24.858,82.103,1.662671873
,0,#DIV/0!
24.701,86.026,1.545877709
25.919,84.38,1.56090775
26.448,86.176,1.504555954
26.301,85.584,1.46389375
22.67,81.911,1.707257573
28.734,85.764,1.535907391
21.659,86.707,1.49008775
27.228,88.005,1.37895079
26.574,84.609,1.49682675
,0,#DIV/0!
24.11,86.33,1.512841128
28.247,85.945,1.469260557
27.2,85.4,1.4556375
24.465,85.628,1.5704155
29.686,86.931,1.422557774
26.22,85.551,1.458766
25.509,86.461,1.5148725
32.12,85.702,1.471744717
15.333,82.058,1.70749075
31.415,87.442,1.3999615
30.16,86.347,1.54402394
26.289,84.151,1.51802093
24.636,86.49,1.528132
27.563,86.244,1.41096036
27.152,85.311,1.4589735
23.588,86.189,1.544835802
21.511,86.109,1.59982975
26.344,84.678,1.531239188
31.25,84.425,1.53595
25.054,84.648,1.577551
25.574,86.633,1.514621604
24.122,85.48,1.54138825
,0,#DIV/0!
25.908,86.652,1.516563916
28.238,85.143,1.49068475
32.427,80.995,1.57555775
23.65,86.235,1.5547865
26.994,86.46,1.476501
19.702,85.012,1.57596301
23.335,85.972,1.557307
25.139,85.806,1.54723325
24.121,86.399,1.4598485
24.894,85.802,1.578373
30.65,87.025,1.42223125
18.718,78.846,1.7818345
23.993,86.283,1.54571975
25.833,86.136,1.46798311
,0,#DIV/0!
24.306,86.209,1.55852075
31.102,86.199,1.428911
21.283,85.043,1.63069325
23.38,84.377,1.55795767
27.368,83.211,1.55639375
23.93,86.55,1.534389406
24.499,85.232,1.49351025
23.92,85.685,1.448602736
22.553,85.913,1.512680623
28.994,85.011,1.480182698
26.707,86.805,1.445272
26.059,88.353,1.3679015
27.432,87.548,1.367286827
24.884,86.069,1.511933
24.025,85.949,1.447234972
20.19,87.122,1.414232892
25.368,85.842,1.553301033
30.457,89.629,1.260108101
25.744,85.885,1.57887
29.016,85.246,1.416836668
29.536,88.542,1.243304683
25.61,87.171,1.46314625
31.293,88.561,1.37630475
23.667,85.342,1.624688503
23.652,86.992,1.505854
32.559,85.676,1.389649
24.989,86.667,1.51515725
29.741,85.905,1.4019585
49.548,83.952,1.2771085
24.444,85.116,1.607746077
,0,#DIV/0!
26.368,84.842,1.46891825
23.933,85.595,1.56572675
24.438,85.983,1.502323773
32.579,85.369,1.36266175
23.653,86.405,1.544386306
22.47,86.053,1.559145409
34.308,85.795,1.418169
21.456,87.627,1.44534625
26.938,85.947,1.50731325
25.513,84.492,1.472877
23.247,85.312,1.56142125
30.848,87.018,1.395179952
23.642,86.111,1.57367425
29.646,86.25,1.493542565
,0,#DIV/0!
27.819,85.346,1.40016275
27.307,86.031,1.524973
25.188,86.986,1.539509645
26.829,87.025,1.393090681
22.8,85.909,1.58297
24.627,86.313,1.559731903
26.293,85.813,1.3824505
24.545,85.259,1.574349007
25.113,85.141,1.58933325
28.529,86.294,1.407234
24.203,85.856,1.571
31.679,86.37,1.44924675
29.119,86.918,1.413487365
23.641,86.129,1.565504
25.724,84.79,1.599218742
24.249,85.414,1.35222925
23.604,86.387,1.552471775
27.065,84.212,1.52142375
23.27,86.558,1.555410696
26.224,84.844,1.576136739
15.303,85.758,1.568139319
24.067,86.287,1.54449625
17.944,84.197,1.57603875
23.547,85.321,1.502058771
33.667,89.917,1.240912591
28.056,85.723,1.435886391
23.528,85.212,1.596818468
26.793,85.708,1.51003065
21.231,80.487,1.67488
22.98,84.377,1.659342593
21.535,85.148,1.593700063
27.789,85.053,1.580634556
22.123,85.327,1.61934125
24.48,86.734,1.584545405
18.787,85.926,1.492051579
22.971,85.294,1.637921
26.975,86.675,1.408525
23.735,86.566,1.53025375
12.743,85.6,1.5557425
24.816,85.447,1.56092175
24.44,85.741,1.5665425
29,85.206,1.51478925
27.922,85.818,1.43101481
24.177,85.631,1.555669193
24.415,86.055,1.52765075
33.216,84.378,1.4812605
22.381,85.193,1.59198158
23.933,85.595,1.56572675
22.906,85.69,1.497540775
23.78,85.821,1.571441286
23.99,85.962,1.535364854
23.147,82.559,1.62366675
25.023,86.718,1.51267375
26.225,85.8,1.51715625
27.895,84.447,1.512563124
25.519,85.481,1.584651
27.825,85.875,1.41661875
20.665,85.351,1.59204625
24.241,85.172,1.601689017
27.472,84.361,1.502856029
22.914,84.546,1.543269933
24.163,86.162,1.561769868
21.575,81.961,1.64227325
23.07,85.463,1.5731595
26.226,85.283,1.6691365
28.667,85.821,1.46401611
24.521,86.398,1.53673525
27.055,86.328,1.546123789
27.896,83.714,1.598770762
24.705,84.503,1.59432
22.186,86.418,1.519392
26.658,85.605,1.499739495
31.778,84,1.53468
,0,#DIV/0!
26.176,83.852,1.50504605
23.197,84.519,1.638334
,0,#DIV/0!
22.873,85.137,1.61136625
54.625,82.2,1.20646875
30.204,84.796,1.48196068
24.275,85.634,1.5820265
19.641,85.769,1.497246972
20.05,84.85,1.63084375
28.754,87.674,1.39202325
22.512,86.097,1.51604366
21.634,86,1.51868875
24.07,86.411,1.542506575
24.521,86.398,1.53673525
30.211,85.526,1.31925475
28.748,87.086,1.41905575
24.82,86.69,1.51576975
19.026,83.421,1.62597475
24.095,86.405,1.523222
25.833,86.136,1.46798311
27.5,85.75,1.46213125
24.075,86.352,1.52362125
27.45,85.301,1.50048675
28.603,87.572,1.399176
30.617,81.208,1.592324577
29.093,85.984,1.43691375
25.684,86.474,1.52100975
27.186,85.102,1.514483605
27.872,85.333,1.437479625
23.365,85.914,1.576574016
29.256,85.077,1.56102536
28.796,85.105,1.492910071
23.899,86.265,1.528782538
27.225,85.15,1.55481875
27.711,84.795,1.48732475
23.744,85.935,1.5634435
22.141,85.091,1.562315373
28.929,85.439,1.4452165
12.376,91.247,1.207900579
24.889,86.962,1.579470455
30.773,86.03,1.4822845
23.695,85.911,1.566782332
23.282,86.779,1.4675235
26.3,85.416,1.43303867
23.498,85.294,1.539942649
21.707,85.756,1.488866
21.672,86.402,1.5538405
29.791,87.624,1.33248825
29.058,85.158,1.49399106
22.421,85.285,1.6012615
28,86.786,1.441622666
27.424,84.319,1.518462
23.978,88.806,1.32459025
25.601,86.151,1.536318863
23.673,85.26,1.44351725
26.44,86.972,1.49598125
28.997,88.329,1.317319827
22.722,86.078,1.5930825
26.165,87.014,1.485923609
23.303,85.593,1.591866831
28.287,86.602,1.413199132
24.042,85.899,1.541385
28.287,86.602,1.413199132
30.75,85.15,1.43369375
24.213,85.349,1.5610455
21.289,85.293,1.667902179
24.027,84.973,1.52842575
30.583,84.931,1.448664
25.838,85.355,1.552652473
27.778,86.204,1.451494515
24.435,86.666,1.53344025
24.581,85.763,1.501826018
25.538,86.094,1.49613
28.225,86.775,1.478713213
29.057,85.692,1.45243975
28.075,85.053,1.46520125
23.55,86.211,1.551749
23.443,85.539,1.5335505
23.824,85.538,1.5422255
21.289,85.293,1.667902179
24.625,86.6,1.48708125
24.088,85.707,1.569832802
23.303,85.593,1.591866831
28.737,85.656,1.471139961
,0,#DIV/0!
24.144,86.311,1.520553161
23.762,86.095,1.568706
,0,#DIV/0!
23.653,86.613,1.525605506
23.714,86.024,1.571776468
,0,#DIV/0!
26.645,86.934,1.47573275
26.462,85.769,1.54736275
25.729,86.425,1.51179025
23.407,86.612,1.52686825
23.916,85.688,1.535568144
23.778,85.539,1.588832862
23.889,86.49,1.5177865
23.885,85.618,1.5385405
22.393,87.208,1.5372755
25.274,84.556,1.52516025
25.557,86.392,1.511801632
24.163,86.162,1.561769868
23.133,86.238,1.563079869
29.576,86.727,1.4289865
27.921,85.737,1.50314725
23.005,85.556,1.56823925
25.496,85.886,1.555714114
26.122,85.805,1.473109
23.599,85.306,1.56725425
21.985,86.158,1.52986675
25.512,85.439,1.558059081
21.729,86.081,1.538163882
25.707,86.061,1.472406276
27.308,88.487,1.373130019
23.739,85.88,1.573565
29.049,85.903,1.44813775
24.046,85.634,1.56451425
21.433,85.197,1.552198
30.021,86.592,1.44198042
30.123,87.5,1.364085641
21.814,85.133,1.71028875
25.518,85.311,1.49304957
22.426,85.457,1.591712833
23.653,86.613,1.525605506
27.735,84.648,1.519152
23.641,85.081,1.539673853
23.714,86.024,1.571776468
24.395,83.026,1.626088739
24.258,84.867,1.6180835
24.238,87.857,1.4529485
22.756,85.268,1.563099012
23.464,85.071,1.559547155
26.78,86.951,1.437091621
25.277,85.127,1.59538525
23.727,85.389,1.50403646
23.776,87.086,1.50558525
24.163,86.162,1.561769868
22.988,86.814,1.48610475
23.931,85.338,1.551248012
27.5,85.75,1.46213125
24.835,85.231,1.569204058
23.672,85.639,1.564671853
27.825,85.875,1.41661875
21.065,84.565,1.6578145
22.67,85.899,1.55966125
24.063,87.187,1.530294
29,85.075,1.54918125
22.865,85.458,1.57434625
20.522,85.658,1.62964425
22.988,86.814,1.48610475
22.498,86.167,1.546682
20.659,85.012,1.7217875
33.135,84.757,1.409839
22.562,85.789,1.552782528
27.872,85.333,1.437479625
23.762,85.762,1.543904061
26.739,86.242,1.502705
24.913,85.718,1.5678495
23.522,86.011,1.555575
24.683,85.878,1.548939261
19.955,85.334,1.620899709
23.103,86.749,1.48796663
24.163,86.162,1.561769868
30.546,85.611,1.458644914
23.082,86.385,1.521523465
25.634,86.077,1.521140961
30.044,85.242,1.47723
22.766,85.908,1.571147789
25.974,84.538,1.534219592
24.043,86.255,1.56550325
22.258,85.399,1.604818952
23.914,85.348,1.5503455
,0,#DIV/0!
,0,#DIV/0!
29.816,85.599,1.399612504
21.976,85.214,1.60222525
24.4,85.275,1.51915
22.574,85.809,1.563038
26.359,86.886,1.42352175
24.181,86.593,1.48444025
24.951,85.293,1.57751475
27.778,86.204,1.451494515
28.378,86.511,1.44790075
31.614,87.478,1.39303
29.093,85.984,1.43691375
32.957,86.027,1.423825238
21.818,85.67,1.593703
24.163,86.162,1.561769868
30.911,85.245,1.448317767
23.517,85.086,1.594579
23.07,85.463,1.5731595
31.544,84.447,1.5021765
19.422,85.18,1.6460405
26.732,86.83,1.443613814
28.227,84.658,1.504417456
22.136,85.332,1.585543145
24.913,85.718,1.5678495
25.043,86.34,1.4730335
24.163,86.162,1.561769868
25.989,85.589,1.5570475
24.276,85.168,1.562634624
26.016,86.504,1.48401066
23.441,86.55,1.49796352
24.624,85.578,1.543185
19.164,85.094,1.63599975
19.14,86.465,1.481347687
23.675,85.536,1.55831575
23.311,86.415,1.50057775
27.109,86.435,1.45717575
23.133,85.362,1.565038
,0,#DIV/0!
27.628,85.255,1.4795915
22.347,85.862,1.562709127
23.522,86.586,1.5119635
29.974,83.666,1.520533455
22.61,85.122,1.5705635
22.474,85.683,1.56616775
25.808,86.111,1.469543945
25.393,86.771,1.46851325
22.195,85.843,1.5577
23.503,84.811,1.5924325
25.286,85.453,1.5961095
24.769,85.575,1.543458
26.366,86.439,1.462434
23.788,86.074,1.54947625
24.029,86.044,1.50039675
24.555,86.714,1.494552
,0,#DIV/0!
23.832,85.21,1.594248
22.266,85.645,1.571942781
20.495,85.946,1.610429
27.244,83.422,1.582619902
23.891,84.89,1.5885
,0,#DIV/0!
26.881,85.143,1.4830165
26.641,85.728,1.50195102
27.155,85.635,1.467334577
22.057,85.856,1.5246715
21.814,85.133,1.71028875
32.39,85.317,1.4544905
24.162,86.372,1.5011145
21.976,85.214,1.60222525
27.605,86.07,1.427899
,0,#DIV/0!
24.114,85.439,1.536755868
24.088,85.707,1.569832802
31.696,86.37,1.399159517
23.618,85.235,1.590762158
24.913,85.718,1.5678495
29.217,86.456,1.424682997
22.693,86.146,1.542881
21.465,85.791,1.659609846
25.491,86.332,1.40010675
22.791,86.192,1.500597256
25.538,86.094,1.49613
24.859,85.211,1.50891775
23.733,85.495,1.54448775
23.476,86.215,1.50521225
31.808,85.316,1.49751225
28.951,85.732,1.36914425
23.436,85.293,1.5572765
27.139,85.643,1.565033
29.126,85.437,1.438520385
26.275,86.289,1.5024
22.591,86.114,1.556233438
24.899,85.484,1.551319987
23.435,85.571,1.556324563
,0,#DIV/0!
24.571,86.119,1.555685
22.925,85.946,1.554437956
22.069,86.379,1.51504275
30.296,85.394,1.476205
31.252,85.123,1.452383726
23.22,85.733,1.591172
28.282,84.567,1.60087725
24.31,86.809,1.48342025
24.521,86.398,1.53673525
28.319,85.284,1.542246078
23.788,86.074,1.54947625
27.409,85.204,1.530447946
24.444,85.687,1.55157975
23.714,85.915,1.55265
27.293,85.391,1.4076595
23.88,86.788,1.520959
23.676,86.513,1.47368725
24.969,85.113,1.573674487
28.89,87.725,1.427569974
24.527,85.714,1.561604482
23.303,85.865,1.559543345
,0,#DIV/0!
27.207,86.738,1.492502325
26.289,86.711,1.491469
13.651,85.861,1.67085075
35.962,87.143,1.36103225
21.496,85.276,1.547381026
24.786,85.286,1.57060025
24.304,85.663,1.53102725
22.675,86.702,1.542733
22.612,86.282,1.48717775
23.626,86.605,1.5017405
22.888,86.165,1.50328725
26.831,85.089,1.477227772
24.786,85.286,1.57060025
27.577,85.102,1.474111509
23.005,86.555,1.464256643
22.494,86.499,1.4806375
25.771,86.729,1.457093821
29.605,87.257,1.378779712
24.179,86.051,1.5753405
26.952,85.142,1.534803598
27.806,86.755,1.400736507
25.411,86.743,1.51358025
23.5,85.476,1.56480525
25.447,87.404,1.446639534
25.474,86.132,1.5367235
30.273,87.57,1.35096799
26.339,86.92,1.4843145
22.494,86.499,1.4806375
30.936,85.936,1.417198
23.704,85.509,1.578169
27.288,86.059,1.518344567
26.888,86.682,1.46407575
22.801,85.523,1.563665637
25.011,85.847,1.5398075
28.53,86,1.4439475
28.285,85.156,1.544893699
28,86.913,1.44122375
26.541,86.824,1.47636575
27.364,85.616,1.544581304
24.09,86.005,1.537574
22.873,85.137,1.61136625
25.093,85.884,1.53819
23.581,86.338,1.5078715
27.778,86.204,1.451494515
33.701,85.627,1.370388204
24.659,86.624,1.52380275
,0,#DIV/0!
27.93,87.24,1.4212665
20.617,85.603,1.5943485
25.343,87.631,1.4714565
20.107,85.388,1.600507005
23.109,87.718,1.445912041
27.077,86.077,1.511079
24.276,86.192,1.54324025
35.803,87.386,1.354680797
20.402,87.505,1.536784868
23.88,86.12,1.532613826
29.405,88.262,1.345532
17.588,87.307,1.4970955
27.953,85.155,1.47408325
24.835,85.231,1.569204058
25.937,86.077,1.52473425
23.419,85.884,1.56002525
22.971,85.65,1.582917
25.045,86.629,1.528413284
23.852,89.182,1.386642134
23.76,87.362,1.443298933
31.907,89.465,1.28440325
23.581,86.338,1.5078715
26.087,87.053,1.466747583
22.425,86.17,1.53132
25.304,85.196,1.538068
23.955,87.273,1.51579875
23.086,85.525,1.5734655
25.729,86.425,1.51179025
21.711,85.334,1.500749743
22.958,86.827,1.52343225
29.057,85.692,1.45243975
27.977,86.209,1.48104606
24.627,85.952,1.557600424
28.854,87.845,1.437921621
23.196,86.405,1.552542225
28.474,88.169,1.41462275
26.888,86.682,1.46407575
23.606,85.86,1.53152575
24.475,86.464,1.505260947
24.698,87.372,1.48695113
23.577,86.357,1.538145119
20.107,85.388,1.600507005
24.214,85.619,1.54868025
23.981,86.463,1.511140111
23.641,85.852,1.5417185
32.773,88.795,1.300685
24.538,86.391,1.51197937
24.942,86.074,1.528410284
28.009,85.022,1.502942029
29.598,87.692,1.42787025
25.634,87.269,1.5049557
23.69,86.262,1.548348983
,0,#DIV/0!
27.432,86.865,1.461473
25.2,86.733,1.485695143
23.911,86.229,1.523483235
30.889,87.333,1.3872165
22.033,86.768,1.498309483
25.706,86.665,1.4945605
24.421,86.226,1.525167
25.474,86.132,1.5367235
,0,#DIV/0!
23.722,87.012,1.509329843
18.801,88.171,1.57473725
30.921,87,1.301427
24.175,85.542,1.491294
25.615,85.757,1.499951
,0,#DIV/0!
32.739,86.761,1.336467865
37.103,84.99,1.41416425
33.154,84.974,1.49706775
28.87,87.826,1.33164175
26.98,85.336,1.4542105
31.673,86.143,1.411837618
22.953,85.802,1.52805175
23.649,85,1.614476855
25.978,88.594,1.394305307
24.598,86.909,1.390597344
23.88,86.788,1.520959
28.447,85.213,1.4695905
21.745,86.545,1.512783128
25.937,86.077,1.52473425
31.489,86.532,1.35563875
23.073,86.079,1.53754875
26.98,85.336,1.4542105
29.894,88.958,1.339139109
23.981,86.463,1.511140111
25.727,89.392,1.312171
27.03,87.573,1.385056399
23.57,86.289,1.561833382
31.156,85.2,1.442124
23.314,86.904,1.39158375
24.131,85.539,1.528684787
28.333,87.696,1.3819965
28.514,86.429,1.486477115
22.876,87.258,1.50279425
31.489,86.532,1.35563875
20.398,85.544,1.58643425
34.511,87.276,1.29840375
27.523,87.287,1.3700395
33.427,87.832,1.350069751
26.265,85.505,1.439948149
22.952,86.262,1.52031
27.594,87.991,1.384945401
24.217,87.413,1.47093125
25.537,86.951,1.4605485
26.265,85.505,1.439948149
31.934,87.971,1.29814575
36.326,90,1.21818125
27.201,88.268,1.3980825
23.505,86.529,1.52223475
25.684,86.474,1.52100975
34.658,88.156,1.400499
23.869,86.424,1.53404941
26.617,89.021,1.321213962
24.345,88.028,1.442448
22.928,86.533,1.492611176
23.784,86.926,1.492337423
25.537,86.951,1.4605485
25.289,87.755,1.46927175
20.415,87.288,1.3811055
24.316,85.938,1.55097651
29.266,87.041,1.427565
26.081,87.923,1.43986975
26.087,87.053,1.466747583
31.229,89.396,1.2328065
23.516,86.91,1.413194368
27.114,87.705,1.437150878
32.118,85.389,1.415122349
26.479,82.8,1.5327885
22.928,86.533,1.492611176
25.617,87.255,1.3829315
21.717,86.723,1.48434125
27.696,85.609,1.452050479
24.384,87.796,1.48315975
26.265,85.505,1.439948149
30.385,88.957,1.31597141
26.6,85.422,1.465670907
31.667,87.426,1.3836735
29.759,87.156,1.41698992
23.57,86.289,1.561833382
33.108,88.548,1.2670995
27.109,86.435,1.45717575
28.495,87.439,1.40757425
29.412,87.495,1.407056179
24.305,85.944,1.5504325
24.085,88.702,1.40280575
24.564,88.102,1.3956025
22.952,86.262,1.52031
31.489,86.532,1.35563875
21.465,87.163,1.490896091
24.516,87.92,1.40514425
24.305,85.944,1.5504325
27.666,87.705,1.427839472
25.833,86.136,1.46798311
24.951,86.731,1.479886299
23.549,86.348,1.52723225
26.836,85.598,1.47991125
25.629,88.271,1.391618834
26.802,88.433,1.366810082
24.233,87.908,1.4544995
27.027,88.755,1.367327923
27.109,86.435,1.45717575
32.118,85.389,1.415122349
24.615,88.322,1.40169625
23.858,87.871,1.443387566
26.824,86.914,1.474286743
34.414,91.673,1.09960775
27.225,86.808,1.396564
29.727,88.705,1.367590926
28.197,88.279,1.344423056
24.74,87.913,1.4449595
27.723,85.853,1.580685443
23.137,89.255,1.3806955
,0,#DIV/0!
21.241,86.348,1.51834975
28.049,87.17,1.463827362
19.675,83.7,1.57081875
25.29,86.787,1.423588764
24.733,89.085,1.33191275
,0,#DIV/0!
,0,#DIV/0!
23.636,87.735,1.477329
33.13,88.681,1.301361
24.726,88.544,1.417197578
22.868,87.027,1.497134529
31.574,85.298,1.4387555
32.241,91.382,1.166240662
29.427,85.605,1.47732075
,0,#DIV/0!
27.95,86.975,1.39008125
21.241,86.348,1.51834975
30.66,87.08,1.383735
24.862,86.121,1.514425144
23.636,87.735,1.477329
27.123,89.582,1.281619
22.783,86.943,1.472091779
30.903,85.44,1.41139525
31.574,85.298,1.4387555
26.791,89.452,1.289762102
28.864,86.011,1.503684463
28.591,86.52,1.414104859
29.443,87.444,1.4138745
23.198,86.604,1.51418175
23.959,87.653,1.37313125
23.898,86.925,1.42753425
23.225,89.067,1.433093081
28.169,86.458,1.47744625
28.915,87.319,1.40936875
20.949,87.105,1.5407375
24.88,88.077,1.481430186
27.104,85.062,1.4564925
24.97,88.483,1.4672085
29.881,85.477,1.491170588
27.527,88.344,1.356687683
25.515,88.069,1.450352004
23.21,87.798,1.52201328
26.774,86.154,1.45249025
33.884,86.209,1.40721025
,0,#DIV/0!
23.233,86.224,1.542820322
27.02,86.897,1.4085795
24.148,86.879,1.46724775
29.149,85.341,1.457247822
23.016,88.379,1.44487825
27.132,90.053,1.260044799
25.55,86.269,1.410637606
22.081,86.867,1.48605175
23.584,86.69,1.550833
31.17,86.66,1.35524625
23.406,87.058,1.4994265
24.956,85.661,1.515733593
27.108,86.555,1.459437844
20.442,87.705,1.5909305
25.937,86.228,1.4851595
22.325,87.325,1.47105625
25.95,87.715,1.417777
23.788,86.735,1.503875
27.426,87.788,1.409595154
24.865,86.922,1.4877985
21.682,86.444,1.559550154
25.826,86.87,1.42495975
28.316,85.31,1.454454295
24.539,85.636,1.53546475
20.823,86.998,1.56090675
,0,#DIV/0!
29.816,85.599,1.399612504
22.515,87.763,1.425590256
18.667,87.309,1.506820432
30.939,92.289,1.081907
23.25,88.05,1.3427
22.244,84.934,1.48126875
22.674,85.907,1.493769
26.137,87.028,1.46814875
42.526,87.281,1.1877275
25.957,85.5,1.508
23.842,85.737,1.564776398
30.277,89.553,1.31805625
28.192,85.311,1.435527605
27.201,88.268,1.3980825
23.732,87.464,1.471687783
23.507,87.357,1.498769988
24.628,85.775,1.424080491
25.571,85.894,1.467356076
26.745,85.107,1.529465205
26.973,95.17,0.918667563
23.878,88.073,1.353292533
27.778,85.511,1.49684925
28.774,86.176,1.385164352
25.188,86.029,1.46739825
27.419,86.516,1.42805
21.2,86.6,1.5479125
25.024,86.238,1.49160175
28.946,86.108,1.4025265
21.567,85.778,1.46098311
28.593,86.676,1.408176832
31.778,86.5,1.3064225
22.411,88.021,1.446566034
29.084,88.768,1.2927205
31.489,86.532,1.35563875
28.333,86.604,1.413976
22.116,89.907,1.392575
25.68,87.627,1.46500575
22.207,88.919,1.422059471
28.74,94.934,1.135877641
25.921,88.345,1.41675825
22.432,86.887,1.471944281
26.382,86.571,1.531839068
26.095,86.81,1.466132911
26.699,87.807,1.484541405
28.9,87.635,1.43184725
29.849,86.877,1.384586904
,0,#DIV/0!
32.743,87.765,1.324646746
26.595,86.643,1.47408275
21.5,86.381,1.45197352
24.818,87.403,1.444347
24.172,86.645,1.480287947
25.317,87.9,1.415566594
27.778,86.204,1.451494515
27.736,90.945,1.22356125
26.658,87.875,1.371809782
24.823,87.743,1.42875175
22.489,85.2,1.55365975
29.685,86.472,1.396673
21.846,87.838,1.364632396
26.745,89.149,1.30391325
25.309,86.083,1.5180895
36.543,86,1.3933305
25.951,86.899,1.433511335
30.606,86.848,1.3216745
26.911,85.927,1.451399
28.424,86.612,1.41691625
27.591,87.011,1.490456
27.678,85.97,1.569869699
21.792,85.684,1.561517
27.822,86,1.44346875
20.238,86.095,1.495821458
21.956,86.422,1.5053915
23.829,87.463,1.46540975
21.873,86.229,1.547763
23.841,85.863,1.497175472
,0,#DIV/0!
25.931,87.01,1.50244325
24.628,86.363,1.516180162
23.386,86.432,1.504884
26.6,85.5,1.541525
,0,#DIV/0!
22.426,85.553,1.487921
30.23,87.984,1.34194025
28.17,86.426,1.429567296
24.24,86.029,1.504510295
23.207,85.522,1.537270377
23.895,85.735,1.507933
23.389,85.537,1.549463
24.047,86.139,1.5104015
22.426,85.553,1.487921
25.315,87.43,1.466825668
23.841,85.863,1.497175472
,0,#DIV/0!
25,87.009,1.458288
34.774,88.793,1.301780982
24.119,86.072,1.59005125
20.854,85.978,1.558059331
28.222,86.647,1.4429455
24.212,86.65,1.482356574
27.95,86.975,1.39008125
28.172,87.163,1.38038575
21.243,82.901,1.59090775
34.573,88.223,1.291936831
27.174,86.392,1.467255
25.237,78.73,1.737071621
27.452,77.306,1.77697575
30.941,80.432,1.615053849
20.258,76.62,1.8717295
19.776,85.51,1.68008225
21.627,87.765,1.514573604
33.486,86.231,1.430932
23.7,78,1.760475
13.7,72.2,2.253065803
22.9,74.6,1.904154229
18.5,78.2,1.848425
18.2,75.5,1.94925
18.6,79.2,1.783675
25.499,86.394,1.47192575
,0,#DIV/0!
,0,#DIV/0!
,0,#DIV/0!
24.83,86.602,1.48816225
33.789,98.446,0.6473695
25.976,86.976,1.459694903
25.979,87.2,1.43821175
26.139,85.324,1.46170525
32.743,87.765,1.324646746
24.008,86.452,1.462242628
26.382,86.571,1.531839068
22.739,84.064,1.568553436
27.174,86.392,1.467255
23.546,87.305,1.47369875
23.885,83.07,1.575304247
25.288,86.491,1.46099925
26.306,87.96,1.413563364
37.032,93.979,0.953056719
27.308,87.82,1.3716665
29.191,87.383,1.399621996
34.548,91.687,1.054665703
27.581,86.489,1.443465
20.284,87.924,1.362521
21.873,86.228,1.57552275
,0,#DIV/0!
26.583,85.046,1.473793
27.1,87.308,1.44892
27.463,87.397,1.546742
27,85.581,1.464506645
,0,#DIV/0!
28.941,87.733,1.428923
27.116,89.488,1.285136601
30.229,85.563,1.46012375
22.21,86.07,1.537412124
22.598,90.13,1.406365814
25.118,88.554,1.422109471
34.117,86.194,1.426577734
31.468,86.511,1.3565785
24.395,86.684,1.4277155
25.083,86.959,1.478785788
32.949,89.229,1.320537045
25.537,88.488,1.44108725
27.749,86.709,1.400826767
27.991,86.04,1.43899514
21.5,86.381,1.45197352
30.76,86.56,1.438105
22.426,85.553,1.487921
21.841,85.955,1.553865539
27.771,87.462,1.37201472
28.731,88.43,1.34323525
26.437,88.48,1.33104225
29.021,86.426,1.431093561
22.106,86.489,1.52798603
35.841,89.138,1.278363784
24.615,86.88,1.456756818
25.804,85.688,1.533208168
23.732,87.464,1.471687783
21.588,86.412,1.502785278
23.384,88.089,1.373718487
18.555,85.058,1.58141425
22.624,86.688,1.501168988
29.037,89.972,1.226111011
24.709,88.545,1.38246325
29.118,87.398,1.38474625
25.089,90.875,1.26384675
22.185,86.864,1.484730097
27.681,87.427,1.388813362
21.077,90.102,1.377695973
22.035,87.636,1.4485965
21.477,85.75,1.56681725
22.817,87.484,1.456714433
23.046,88.307,1.509116591
21.944,85.324,1.602381774
29.188,86.084,1.430629887
23.535,85.045,1.563334383
29.103,87.257,1.472876521
25.571,85.531,1.614463145
23.365,83.219,1.63244375
8.933,91.615,1.27038025
22.696,87.689,1.407611076
33.185,87.655,1.383490415
27.37,86.248,1.52521075
26.009,88.334,1.46896081
27.914,85.957,1.45246425
35.375,86.05,1.46464375
31.891,88.957,1.337158622
21.37,85.652,1.539764352
18.805,85.582,1.6101745
27.72,87.216,1.465781658
14.444,77.577,1.901913769
17.159,82.402,1.69755725
29.225,89.1,1.35120625
23.883,87.208,1.438144381
23.957,90.278,1.39946725
10.912,86.677,1.604773952
25.383,87.118,1.423101769
24.502,85.249,1.505896
23.914,85.022,1.51948925
22.555,87.271,1.468209
27.399,85.518,1.31903044
28,89.845,1.27227525
25.395,89.385,1.342591426
21.627,87.765,1.514573604
22.378,88.933,1.36701
24.869,88.341,1.420071451
,0,#DIV/0!
25.13,90.009,1.319805948
22.325,87.303,1.447864
20.66,78.106,1.839356356
23.562,86.288,1.461545615
27.95,86.975,1.39008125
,0,#DIV/0!
26.77,89.424,1.269122868
24.241,86.161,1.49295775
24.322,89.074,1.34202383
16.44,88.753,1.43382975
28.169,86.458,1.47744625
21.152,87.414,1.4611935
25.38,88.547,1.3150215
28.038,86.938,1.454729
25.932,87.727,1.418858939
22.603,85.325,1.519177692
26.218,87.847,1.40491025
22.068,81.023,1.70848325
27.929,88.429,1.351934981
26.605,88.396,1.34994275
24.436,92.109,1.234159842
26.623,88.358,1.34599471
27.911,89.489,1.304797
18.377,80.787,1.746775782
26.082,86.129,1.509912151
18.136,81.773,1.761923381
22.694,79,1.8385085
27.829,86.04,1.53073175
20.422,80.534,1.762400626
18.438,83.229,1.653704213
33.763,90.735,1.276813214
25.936,82.873,1.627164772
17.696,87.606,1.509355844
24.283,84.065,1.57198025
29.38,84.714,1.562515
29.714,84.357,1.568641623
25.37,84.499,1.587968
19.72,80.469,1.791935
24.375,84.075,1.63319375
20,80.232,1.88975675
34.113,92.962,0.990284097
24.148,87.099,1.46311025
20.497,79.832,1.797165972
18.512,85.537,1.556468565
21.111,78.247,1.819411944
22.124,77.741,1.868203568
16.332,86.106,1.584246658
21.885,82.827,1.75717975
17.84,78.975,1.85000425
17.366,80.561,1.881088061
,0,#DIV/0!
21.714,87.868,1.403943789
16.098,86.195,1.538273867
,0,#DIV/0!
20.505,86.846,1.435194
23.121,85.142,1.53642125
,0,#DIV/0!
18.208,82.053,1.680833442
24.357,83.571,1.6626275
19.442,83.148,1.742605574
20.386,79.57,1.778765788
20.429,82,1.76626625
19.293,79.268,1.802267977
18.794,80.614,1.815793908
17.503,79.102,1.841227912
16.625,82.853,1.75584175
22.022,73.391,2.0220185
21.258,80.285,1.779318457
21,75.391,2.009162
27.935,83.195,1.505952
20.75,76.535,1.95148775
25.609,78.978,1.853389216
28.833,85.167,1.52004825
20.393,82.009,1.7670905
19.556,82.355,1.7470845
20.393,82.009,1.7670905
19.37,81.065,1.788319867
27.979,83.333,1.56797868
20.936,81.299,1.78934575
19.548,83.165,1.75153325
23.233,81.814,1.65101725
22.322,80.757,1.75188925
23.649,80.756,1.741768918
36,86.304,1.461741617
19.043,81.468,1.76276925
,0,#DIV/0!
30.818,86.857,1.373048
26.081,80.428,1.77781175
22.913,84.838,1.519692447
23.4,86.889,1.44557125
21.077,85.891,1.536770882
13.488,83.122,1.6776065
19.689,81.733,1.722917729
21.738,87.293,1.5063405
30.38,84.82,1.478465
28.498,95.798,0.97909375
18.62,83.777,1.63866525
35.639,87.921,1.33063375
27.4,86.02,1.41019
20.82,84.145,1.579301207
22.547,85.397,1.509632596
30.863,85.398,1.4194035
25.228,84.452,1.576167012
26.102,83.755,1.58419025
22.748,85.25,1.53310325
18.844,74.687,2.0482585
20.902,78.647,1.81227925
21.692,79.758,1.79218925
24.697,88.745,1.43157525
21.854,82.458,1.71108975
25.324,83.218,1.68578725
26.938,78.771,1.78701388
19.599,69.494,2.26840375
25.761,79.044,1.8524645
23.389,85.106,1.528733963
24.624,85.352,1.553375
28.283,85.369,1.5063675
21.329,89.714,1.370199798
23.842,85.763,1.50754225
23.511,82.659,1.573031
23.235,88.479,1.370872041
22.978,85.304,1.56806575
26.102,83.755,1.58419025
20.472,86.764,1.47650325
22.916,85.012,1.541104589
19.216,85.992,1.5627025
19.957,84.279,1.65111475
20.707,84.606,1.631644434
19.859,84.953,1.5361565
20.841,84.636,1.608419916
20.906,84.994,1.62172475
24.427,90.586,1.282456325
28.097,86.923,1.40452375
36.304,87.935,1.295417
23.52,83.072,1.585246
24.136,88.034,1.424296757
21.816,88.953,1.4021665
21.185,82.673,1.716308
21,81.36,1.81026
22.433,84.165,1.59587375
26.196,83.652,1.609557404
